Smartphone,Ordinateur,Moniteur
https://www.cdiscount.com/telephonie/telephone-mobile/doogee-n55-pro-smartphone--/f-1440402-aaaen70755.html?idOffre=3706387586#mpos=0|mp&sw=fed24e7741a33bd86c6e782194ee291064bfaffbeff4aa76d0cd18a841e24c120de3f0efbc09753e590931785f09e0e713ae38cd491d0ea5b47e2b3473a9b361758a8d0d5c958ff0a4401695b2eb7927c921b4e96f6d4d3269808249c9868b91c44fbc8137edbaf65c14c294f143b0716723a1d85b8d7d115ab12b5d73de0152,https://www.cdiscount.com/informatique/ordinateurs-pc-portables/pc-portable-lenovo-ideapad-3-17alc6-sans-windows/f-1070992-82kv00lmfr.html?idOffre=4077885694#mpos=0|cd&sw=9d945c9aae30b0f688d82ee2684156cee4bc72baab1909462a2093135adb623cf526840a6e4155bd06e7e078a1289fd431b39d086eeb3620894d3638e163bc8484bda50c6357f4c39c4f2b66a11d09b955c1a77f44a170973d50ecfe019076a79da14738235873c4de921701f13595016e4735240588e33dcd15b7d501b3d902,https://www.cdiscount.com/informatique/ecrans-informatiques/ecran-pc-philips-evnia-27m2n3200s-27-fhd/f-10732-phi1721524349346.html?idOffre=4117562447#mpos=0|cd&sw=4f889283a346804ec77943d5c5165e7ed48699242d671096c44f45df37bd502bac166fbc75251cbe08198514cd1ac6a6fc18c2cb9fd1eddc04f49d6ce66335a02712ec7ba4fdf6cbbfe87f5588742e61d8c7f1de14cd5419a56751f601e6ab5b42896c4d4d8b297486c3ab86a7506756ff84a2a523a771e5a08b85f4b1ec75a4
https://www.cdiscount.com/telephonie/telephone-mobile/samsung-galaxy-z-flip3-128go-vert/f-1440402-samgalzflip3v128.html?idOffre=4184523163#mpos=0|mp&sw=fed24e7741a33bd86c6e782194ee291064bfaffbeff4aa76d0cd18a841e24c12642f1f046731c8b7bcc83122f0efbd70e6fb6534867c20fcef11bea051832f7a40907a10a16d8c4df5550d2d3e183d67208fc48ab442386771cd0bfa55d61d4b443b63684ad126ef7a729c34286c2fe799da0a6a96a94770aa77721b7cb4ac5f,https://www.cdiscount.com/informatique/ordinateurs-pc-portables/pc-portable-lenovo-ideapad-slim-3-16abr8-windows/f-1070992-82xr0096fr.html?idOffre=3961591027#mpos=0|cd&sw=9d945c9aae30b0f688d82ee2684156cee4bc72baab1909462a2093135adb623c3f2b3ef88ed4a6c48c8b8554f87d21e3292d476d8a89bfba0db3b8e3ff2ef00ee7037f49b7d633045acf238cf5250e78c6e365ea631da20090f7af2ed042f116444c4b39fd5be7b35623177205f680db2e217d35081f2aba1db7619c8a25e63e,https://www.cdiscount.com/informatique/ecrans-informatiques/ecran-pc-gamer-incurve-iiyama-g-master-red-eagle/f-10732-iiy4948570118861.html?idOffre=3874423054#mpos=0|mp&sw=4f889283a346804ec77943d5c5165e7eb6403771472592a3f37924bd57802e972453c60ed680d5092a8de4e7490c506f7544765744e94a2c1d2685b83fe08e4091c6649fad883685dbbcc24d2b8d20262183a553cfe81ebacc706f4cceb19c46b5457dd71f97ce917603c45bd69f7a7b5ff8cebc58816f26b1990b596db13a7f
https://www.cdiscount.com/telephonie/telephone-mobile/doogee-n55-pro-smartphone--/f-1440402-aaaen69184.html?idOffre=3706387400#mpos=0|mp&sw=fed24e7741a33bd86c6e782194ee291064bfaffbeff4aa76d0cd18a841e24c120de3f0efbc09753e590931785f09e0e713ae38cd491d0ea5b47e2b3473a9b361758a8d0d5c958ff0a4401695b2eb792798c9001056729370a946148f8b86f5d4b39d014dc8b8aa87ab0af68f69900822dda6d52943fd84c491638181060d2f0b,https://www.cdiscount.com/informatique/ordinateurs-pc-portables/pc-portable-lenovo-ideapad-3-17alc6-sans-windows/f-1070992-82kv00lpfr.html?idOffre=4077885695#mpos=0|cd&sw=9d945c9aae30b0f688d82ee2684156cee4bc72baab1909462a2093135adb623c3f2b3ef88ed4a6c48c8b8554f87d21e3292d476d8a89bfba0db3b8e3ff2ef00ee7037f49b7d633045acf238cf5250e7804f63b31b986b16cf0a83e02ccb16d253f21429a112110b9353d3215dfddc74ad80528f31ee95ea51a6eec91e13d0356,https://www.cdiscount.com/informatique/ecrans-informatiques/ecran-pc-chiq-moniteur-24-pouces-full-hd-1920x108/f-10732-chi8592344400223.html?idOffre=2642058613#mpos=0|mp&sw=4f889283a346804ec77943d5c5165e7ed2a831c8e2f17f1d9399f2f33fee23de07a286f619ede2e936d5b6e12e0a4a0ac9dfc060baf10e3806f0f257e761a5a216b9fe8099222fdad8b8bee39dca4951104660b71ba0eac5362f71d3644acb141ddec7eaa8e092a40e30d4a164a1ad28a4a6bfb5cc8bb67c2bfdde350ae2dba1
https://www.cdiscount.com/telephonie/telephone-mobile/samsung-galaxy-z-flip3-128go-noir/f-1440402-samgalzflip3n128.html?idOffre=4178535873#mpos=0|mp&sw=fed24e7741a33bd86c6e782194ee291064bfaffbeff4aa76d0cd18a841e24c12642f1f046731c8b7bcc83122f0efbd70e6fb6534867c20fcef11bea051832f7a40907a10a16d8c4df5550d2d3e183d67ccd397971012e578d8a40164ef6a1f90bbab9ff71cf9dc30fa85ecd6ad0a7e7dc9efc37f85370dd9a5444d23b67edf83,https://www.cdiscount.com/informatique/ordinateurs-pc-portables/pc-portable-lenovo-ideapad-1-15alc7-sans-windows/f-1070992-82r400jnfr.html?idOffre=3135471254#mpos=0|cd&sw=9d945c9aae30b0f688d82ee2684156cee4bc72baab1909462a2093135adb623cf526840a6e4155bd06e7e078a1289fd431b39d086eeb3620894d3638e163bc844802913c0139e5ba8e12c913e122efd6273072bcbec353931e4d0d8c81e3b581d7c4da8168d602013adba13618a2b1d2dc33f26a979a3d3bbd8105095749e3b3,https://www.cdiscount.com/informatique/ecrans-informatiques/ecran-pc-continental-edison-celedmon22v2b6-2/f-10732-celedmon22v2b6.html#mpos=0|cd
https://www.cdiscount.com/telephonie/telephone-mobile/apple-iphone-15-128gb-black-2023-reconditionne/f-1440402-rcdappvdgpoacexe.html?idOffre=4124933221#mpos=0|mp,https://www.cdiscount.com/informatique/ordinateurs-pc-portables/pc-portable-hp-15s-eq2083nf-windows-11-15-6-f/f-1070992-hp15seq2083nf.html#mpos=0|cd,https://www.cdiscount.com/informatique/ecrans-informatiques/ecran-pc-gamer-lenovo-legion-r27i-30-27-ips-f/f-10732-len0197529364932.html#mpos=0|cd
https://www.cdiscount.com/telephonie/telephone-mobile/apple-iphone-13-256-go-starlight-2021-recondit/f-1440402-rcdapp0038712exe.html?idOffre=4001963778#mpos=0|mp,https://www.cdiscount.com/informatique/ordinateurs-pc-portables/pc-portable-lenovo-ideapad-3-17alc6-sans-windows/f-1070992-82kv00lmfr.html#mpos=0|cd,https://www.cdiscount.com/informatique/ecrans-informatiques/ecran-pc-gamer-incurve-iiyama-g-master-red-eagle/f-10732-iiy4948570118861.html?idOffre=4192405290#mpos=0|mp
https://www.cdiscount.com/telephonie/telephone-mobile/apple-iphone-13-pro-128-go-gold-2021-recondit/f-1440402-rcdapp0049963exe.html?idOffre=4194552496#mpos=0|mp,https://www.cdiscount.com/informatique/ordinateurs-pc-portables/pc-portable-lenovo-ideapad-slim-3-15ian8-sans-win/f-1070992-82xb006ufr.html#mpos=0|cd,https://www.cdiscount.com/informatique/ecrans-informatiques/moniteur-de-jeu-titan-army/f-10732-aaakg84346.html#mpos=0|mp
https://www.cdiscount.com/telephonie/telephone-mobile/apple-iphone-12-128go-bleu-reconditionne-excel/f-1440402-rcdbycds045cn.html?idOffre=4178096836#mpos=0|mp,https://www.cdiscount.com/informatique/ordinateurs-pc-portables/pc-portable-hp-pavilion-15-eg2049nf-windows-11/f-1070992-hp0197498543659.html#mpos=0|cd,https://www.cdiscount.com/informatique/ecrans-informatiques/ecran-pc-acer-ek251qebi-24-5-fhd-dalle-ip/f-10732-ace1712368330690.html#mpos=0|cd
https://www.cdiscount.com/telephonie/telephone-mobile/samsung-galaxy-a14-5g-noir-64-go/f-1440402-sam8806094825374.html?idOffre=4170335966#mpos=0|mp,https://www.cdiscount.com/informatique/ordinateurs-pc-portables/pc-portable-notebook-thomson-th14c128-ecran/f-1070992-th14c128.html#mpos=0|cd,https://www.cdiscount.com/informatique/ecrans-informatiques/ecran-pc-samsung-odyssey-g55c-32-165hz/f-10732-sam1707620543829.html?idOffre=4191201229#mpos=0|mp&sw=4f889283a346804ec77943d5c5165e7eb6403771472592a3f37924bd57802e972453c60ed680d5092a8de4e7490c506f2aea10c45b4730fd36cf800eaf087fc251b8f75163019976e557e902ce8f2e15f20f67a5a230c3f4d19fcf29451885ba4868e88530ee45bcad7d3be9e4ce679fd073e70ab6b77ed976e8cee1881f8cf7
https://www.cdiscount.com/telephonie/telephone-mobile/apple-iphone-13-128-go-midnight-2021-reconditi/f-1440402-rcdapp0032098exe.html?idOffre=4192474278#mpos=0|mp&sw=fed24e7741a33bd86c6e782194ee29109396dd71d7a9ebd9189a07a155167060f8ee810b1fb4cd866e3bf69b570f0f92ad5add9b3560c62dac981b3014aed3d50bdcfd93c7db752f045fa048b44788e3b0b6c413a8a59484f6514d52cd8b3ecb2a3b53795340197c7ab5ee440d84b838165be4a048de20f737720df04c98f7a4,https://www.cdiscount.com/informatique/ordinateurs-pc-portables/pc-portable-botrend-161-fhd/f-1070992-aaann37874.html?idOffre=4192990056#mpos=0|mp&sw=9d945c9aae30b0f688d82ee2684156cee4bc72baab1909462a2093135adb623cae965701b67005ab9db780422228065ea4fcd48a7c5fcc425204d312e1f935ac9fe7932b6a8dcbdeb8a04d42dd31276424411bfe4bfab87a072ca18520f8c79684c5e24447955b6461e9693bdb6306de87fb8860f484452f383fb24d797b7485,https://www.cdiscount.com/informatique/ecrans-informatiques/uperfect-moniteur-portable/f-10732-aaaig19861.html?idOffre=3955682798#mpos=0|mp&sw=4f889283a346804ec77943d5c5165e7e349ac0c729be543216d2ba717f8d991517c483db0875ceb99881f961ecf351a30a45b334db5059bcbaebe4b155078796bb8eafcd8fa3c43a53f01b1604706698d0edfa030f9cf1d81419fbe2efd3108b82e8742290309f0d48eb139c9a042a9264128c3ea9c5245e30b4f48bfa86374e
https://www.cdiscount.com/telephonie/telephone-mobile/samsung-galaxy-s21-256go-rose/f-1440402-samgalaxs21256r.html?idOffre=4023066694#mpos=0|mp&sw=fed24e7741a33bd86c6e782194ee291064bfaffbeff4aa76d0cd18a841e24c12642f1f046731c8b7bcc83122f0efbd70e6fb6534867c20fcef11bea051832f7a87fe4838191c65d7480b35d1f5e4fb37014bc81a450e5c65b01ccc8095397080817a7c453efc1b2092cc81512295f70f124f709e027eeea3b334e46e44556e98,https://www.cdiscount.com/informatique/ordinateurs-pc-portables/pc-portable-lenovo-yoga-slim-7-14apu8-windows-11/f-1070992-83aa0010fr.html?idOffre=4128820907#mpos=0|cd&sw=9d945c9aae30b0f688d82ee2684156cee4bc72baab1909462a2093135adb623c3f2b3ef88ed4a6c48c8b8554f87d21e3292d476d8a89bfba0db3b8e3ff2ef00efe74a5d0fabdf6babf3e7bf67db83139a9c081de6287250152a8410a1dc9ee352daf6322590db711c4f2d01925c12294c62e049212b3b3dffed1c9bac09714a4,https://www.cdiscount.com/informatique/ecrans-informatiques/chiq-27f650r-cran/f-10732-aaabh55483.html?idOffre=3419440630#mpos=0|mp&sw=4f889283a346804ec77943d5c5165e7ed2a831c8e2f17f1d9399f2f33fee23de07a286f619ede2e936d5b6e12e0a4a0a03d263a0d3cfbbbdcd329dc2ba9eb8f4b11fb02f4a6212681f2fadd6ec29b5a17158a7f4f468096573c98040405939322e2bcdbe56e517d61ad5a6b4f72f8bd63e6fc4dac97ef5583f33f013d39b906d
https://www.cdiscount.com/telephonie/telephone-mobile/apple-iphone-12-128go-noir-reconditionne-excel/f-1440402-rcdbycds046cn.html?idOffre=3880619385#mpos=0|mp&sw=fed24e7741a33bd86c6e782194ee2910919f926a2446fc8cae17276a57046b5d230061aeb8adc6473ab869b93415baee380b8085f5c5b8520cc4d062ea7704346d75afa032b8e72beedddcddd6d3a823bc4589bd25bd34e6335c583a4ee01c9b3fb71c5185867fdb1312774240276de55bc8604aa4650c7d527e304a8550e601,https://www.cdiscount.com/informatique/ordinateurs-pc-portables/pc-portable-16-pouces-windows/f-1070992-aaalk17478.html?idOffre=4136263986#mpos=0|mp&sw=9d945c9aae30b0f688d82ee2684156cee4bc72baab1909462a2093135adb623c65ee80a2fc92eeaa2bb711554726daffff897bb29849189a506c98fd1e444248a002617a28dcac7d81b54ed14695ddb35349d4f4c9e4127088e4dabb6ff89abe0bdb9c5da5bf183efd8d612a6ac87b3f69eb53d3e7c77ff1fd486b1daf2239a2,https://www.cdiscount.com/informatique/ecrans-informatiques/ecran-pc-chiq-moniteur-24-pouces-full-hd-1920x108/f-10732-chi8592344400223.html?idOffre=2642058613#mpos=0|mp
https://www.cdiscount.com/telephonie/telephone-mobile/xiaomi-redmi-13c-256go-bleu/f-1440402-xia6941812757147.html?idOffre=4193360402#mpos=0|mp,https://www.cdiscount.com/informatique/ordinateurs-pc-portables/pc-portable-acer-chromebook-314-cb314-2h-k04f-14/f-1070992-nxawfef00d.html#mpos=0|cd,https://www.cdiscount.com/informatique/ecrans-informatiques/ecran-pc-continental-edison-celedmon27b6-27/f-10732-celedmon27b6.html#mpos=0|cd
https://www.cdiscount.com/telephonie/telephone-mobile/smartphone-4g-pro-5-3-plein-hd-debloque-and/f-1440402-tee9331632364378.html#mpos=0|mp,https://www.cdiscount.com/informatique/ordinateurs-pc-portables/pc-portableintel-celeron/f-1070992-aaans45170.html#mpos=0|mp,https://www.cdiscount.com/informatique/ecrans-informatiques/chiq-22f650-moniteur/f-10732-aaabh50022.html?idOffre=3419414749#mpos=0|mp
https://www.cdiscount.com/telephonie/telephone-mobile/huawei-p30-lite-128-go-noir/f-1440402-huaweip30lit128n.html?idOffre=4116935155#mpos=0|mp,https://www.cdiscount.com/informatique/ordinateurs-pc-portables/pc-portable-hp-15s-eq2083nf-15-6-fhd-ryzen-5/f-1070992-bun15seq2083so1.html#mpos=0|cd,https://www.cdiscount.com/informatique/ecrans-informatiques/ecran-gamer-asus-tuf-vg249q1r-23-8-ips-ful/f-10732-auc4718017734714.html?idOffre=2090556153#mpos=0|mp
https://www.cdiscount.com/telephonie/telephone-mobile/xiaomi-redmi-13c-256go-vert/f-1440402-xia6941812757420.html?idOffre=4116932662#mpos=0|mp,https://www.cdiscount.com/informatique/ordinateurs-pc-portables/pc-portable-hp-17-cn0019nf-windows-11-17-3-hd/f-1070992-hp17cn0019nf.html#mpos=0|cd,https://www.cdiscount.com/informatique/ecrans-informatiques/ecran-pc-samsung-smart-monitor-m7-dm700-43/f-10732-sam1713146342804.html?idOffre=4190238564#mpos=0|mp
https://www.cdiscount.com/telephonie/telephone-mobile/huawei-p30-lite-4go-128go-noir/f-1440402-hua6901443292097.html#mpos=0|mp,https://www.cdiscount.com/informatique/ordinateurs-pc-portables/pc-portable-hp-17-cn3013nf-windows-11-17-3-hd/f-1070992-hp17cn3013nf.html#mpos=0|cd,https://www.cdiscount.com/informatique/ecrans-informatiques/moniteur-lg-ultragear-24gq50f-b-24-led-fullhd-165/f-10732-lg1718213506839.html?idOffre=3874420722#mpos=0|mp
https://www.cdiscount.com/telephonie/telephone-mobile/huawei-p30-lite-128-go-blanc/f-1440402-huaweip30lit128w.html?idOffre=3372823392#mpos=0|mp,https://www.cdiscount.com/informatique/ordinateurs-pc-portables/pc-portable-hp-15s-fq0024nf-windows-11-15-6/f-1070992-hp15sfq0024nf.html#mpos=0|cd,https://www.cdiscount.com/informatique/ecrans-informatiques/ecran-pc-viewsonic-va240-h-2-24-fhd-dalle/f-10732-vie0766907030914.html#mpos=0|cd
https://www.cdiscount.com/telephonie/telephone-mobile/samsung-galaxy-s22-256go-5g-lavande/f-1440402-sam8806094615227.html?idOffre=4193513193#mpos=0|mp,https://www.cdiscount.com/informatique/ordinateurs-pc-portables/pc-portable-lenovo-ideapad-1-15igl7-windows-11/f-1070992-82lx009rfr.html#mpos=0|cd,https://www.cdiscount.com/informatique/ecrans-informatiques/moniteur-portable-17-3-screen-1920-1080-hdr-lcd/f-10732-upe1690448293126.html?idOffre=3689621147#mpos=0|mp&sw=4f889283a346804ec77943d5c5165e7e349ac0c729be543216d2ba717f8d991517c483db0875ceb99881f961ecf351a3ea7e757da2bba5a625b3de265acc6af6f43f1333fdb118ab1dc39454e1f1e9b6f4ae2ebbc97abc6515df8002984c2c54b151dbcf84eb38652d237cd09adbe4e5ca70c03d17d3548b4f9203c4c12cbf0f
https://www.cdiscount.com/telephonie/telephone-mobile/smartphone-google-pixel-8-pro-6-7-5g-double-sim-1/f-1440402-goo1697129329662.html?idOffre=4181942595#mpos=0|mp&sw=fed24e7741a33bd86c6e782194ee291064bfaffbeff4aa76d0cd18a841e24c12642f1f046731c8b7bcc83122f0efbd70e6fb6534867c20fcef11bea051832f7a58d945929eba883fd10eac9cbddf97914a84a6d4b6e9323555aa0cd8c03194020cbd788be377fdbf45de6ac0bd587df834bee0ab918a8e538f233b2ddf4b512c,https://www.cdiscount.com/informatique/ordinateurs-pc-portables/ordinateur-portable-16/f-1070992-aaama04096.html?idOffre=4177591928#mpos=0|mp&sw=9d945c9aae30b0f688d82ee2684156cee4bc72baab1909462a2093135adb623cb315208e107cf5a35a755696ddb47ffebd012c39b6832b4b4865eb54a2162e33a975eac718164535a331e5b26c4597cb35f7a6dd565da6bc04e4210485b6bfd6c0706fc829d953df2e4d49fc64cf037b33abd57fc1871e2ec6897b414e43f8f2,https://www.cdiscount.com/informatique/ecrans-informatiques/uperfect-185-pouces-double/f-10732-aaaig19867.html?idOffre=3955598060#mpos=0|mp&sw=4f889283a346804ec77943d5c5165e7e349ac0c729be543216d2ba717f8d991517c483db0875ceb99881f961ecf351a3b27c3702277f8be3847b4b6161e28c5756b995b9ae1f97de526c3bff81ed371a48b90255456ddf74e52196aa419061a11d8c5c1f7afdb9074df1cce0bdd80ce09efc4f76a1c8399434d34b35980c205f
https://www.cdiscount.com/telephonie/telephone-mobile/samsung-galaxy-s24-plus-smartphone-256-go-noir/f-1440402-sam8806095307497.html?idOffre=4193515209#mpos=0|mp&sw=fed24e7741a33bd86c6e782194ee2910c7407e2b1932f94e7f9b8326e4e07d6a6f8b45e588b109d5577ec2497cc2a5c59ba2621dac668ad74ea0915f7211ff6770a3e212964b2d5724ae655e0ee878bf21cb3291d28738cd96829a9da7e3d4bf9a3f9f7068b684d1947ba63ab153547aaa97f80702b08d3e7787f42bb988eaa6,https://www.cdiscount.com/informatique/ordinateurs-pc-portables/notodd-ordinateur-portable/f-1070992-aaaik87907.html?idOffre=3983119772#mpos=0|mp&sw=9d945c9aae30b0f688d82ee2684156cee4bc72baab1909462a2093135adb623c663c46c94d3a6c693bf2133c88bc0366d105e162642f5a7cb6afada5e5fe33909c942d84961325c055e54cdffefdd8892f459004dd91d788e086b0691976446d855abf910e05277cb44636159bc2fec576e40ca4414081ba872180dc9522f510,https://www.cdiscount.com/informatique/ecrans-informatiques/uperfect-17-3-1080p-moniteur-portable-deuxieme-ec/f-10732-upe6975339680053.html?idOffre=3699012820#mpos=0|mp&sw=4f889283a346804ec77943d5c5165e7e349ac0c729be543216d2ba717f8d991517c483db0875ceb99881f961ecf351a37bde1df3bc83cdb6b74d0fd402a5b6edb403ae68128c682d8ea0512de54f4380f3aad16f0e2b2b584aabbdf2b55435489bae9ed4f827ed97dbab2b29c7cf2601ee471062b2f7fdb20608353f5f12dd1e
https://www.cdiscount.com/telephonie/telephone-mobile/samsung-galaxy-z-flip3-128go-lavande/f-1440402-samgalzflip3l128.html?idOffre=4187712430#mpos=0|mp&sw=fed24e7741a33bd86c6e782194ee291064bfaffbeff4aa76d0cd18a841e24c12642f1f046731c8b7bcc83122f0efbd70e6fb6534867c20fcef11bea051832f7a58d945929eba883fd10eac9cbddf9791d62e5b2acad2a966ae874d7ab9e5bd482ecc1f87a117f5cda07f49c5115c94f499c03826127a9ce175a4e2dc83ff92c7,https://www.cdiscount.com/informatique/ordinateurs-pc-portables/ordinateur-portable-acemagic-16-1-fhd-amd-ryzen/f-1070992-aaabc71040.html?idOffre=3937704351#mpos=0|mp&sw=9d945c9aae30b0f688d82ee2684156cee4bc72baab1909462a2093135adb623c6f1c1bd906497349a56a233c1a721cff1077a5bea10a2a671418cc369aa6314e1fab3bab3e23f8cacdc4c0309967692594b04d9dcacc177507e56bbb0b7f179d1b04595658c91171e572060a419a6ea028943b9694729f40cc63bf8769f15123,https://www.cdiscount.com/informatique/ecrans-informatiques/ecran-pc-bureautique-28-4k-uhd-60hz/f-10732-jap1718868200202.html#mpos=0|mp
https://www.cdiscount.com/telephonie/telephone-mobile/xiaomi-redmi-note-13-5g-6go-128go-noir-graphite-b/f-1440402-xia1706130396706.html?idOffre=4191359693#mpos=0|mp,https://www.cdiscount.com/informatique/ordinateurs-pc-portables/pc-portable-lenovo-ideapad-3-15ijl6-chrome-os/f-1070992-82n4004gfr.html#mpos=0|cd,https://www.cdiscount.com/informatique/ecrans-informatiques/moniteur-grand-ecran-medion-akoya-p52424-md-20/f-10732-med4061275220421.html#mpos=0|cd
https://www.cdiscount.com/telephonie/telephone-mobile/samsung-galaxy-s24-smartphone-256-go-creme/f-1440402-sam8806095299617.html?idOffre=3405522206#mpos=0|mp,https://www.cdiscount.com/informatique/ordinateurs-pc-portables/pc-portable-asus-vivobook-15-r1504-sans-windows/f-1070992-r1504zanj602.html#mpos=0|cd,https://www.cdiscount.com/informatique/ecrans-informatiques/moniteur-aoc-27b3ha2-ips-1920-x-1080-1ms-a/f-10732-aoc1708045319461.html?idOffre=4192430989#mpos=0|mp
https://www.cdiscount.com/telephonie/telephone-mobile/samsung-galaxy-s23-fe-smartphone-256-go-5g/f-1440402-sam8806095137377.html?idOffre=3272514531#mpos=0|mp,https://www.cdiscount.com/informatique/ordinateurs-pc-portables/notodd-pc-portable-16-stockage-12go-512go-cel/f-1070992-aaaik90916.html#mpos=0|mp,https://www.cdiscount.com/informatique/ecrans-informatiques/cran-fujitsu-b24-9-we-24/f-10732-aaamj85339.html#mpos=0|mp
https://www.cdiscount.com/telephonie/telephone-mobile/xiaomi-redmi-note-14-4g-8-go-256-go-midnig/f-1440402-xiaomi144g256mid.html?idOffre=4196156826#mpos=0|mp,https://www.cdiscount.com/informatique/ordinateurs-pc-portables/pc-portable-acer-aspire-3-a315-44p-r1nv-15-6-fh/f-1070992-ace1706229175814.html#mpos=0|cd,https://www.cdiscount.com/informatique/ecrans-informatiques/ktc-h32s17-moniteur-de-jeu-de-32-pouces-2560x1440/f-10732-ktc6921958686143.html#mpos=0|mp
https://www.cdiscount.com/telephonie/telephone-mobile/xiaomi-poco-x6-5g-512go-noir/f-1440402-pocox65g512n.html?idOffre=3540549789#mpos=0|mp,https://www.cdiscount.com/informatique/ordinateurs-pc-portables/apple-13-6-macbook-air-m2-ram-16go-stockag/f-1070992-mc7w4fna.html#mpos=0|cd,https://www.cdiscount.com/informatique/ecrans-informatiques/uperfect-17-3-1080p-moniteur-portable-deuxieme-ec/f-10732-upe6975339680053.html?idOffre=3699012820#mpos=0|mp
https://www.cdiscount.com/telephonie/telephone-mobile/samsung-galaxy-z-flip4-256go-5g-lavande/f-1440402-sam8806094537901.html?idOffre=3830751325#mpos=0|mp,https://www.cdiscount.com/informatique/ordinateurs-pc-portables/notodd-pc-portable-16-/f-1070992-aaaik90915.html#mpos=0|mp,https://www.cdiscount.com/informatique/ecrans-informatiques/ecran-pc-incurve-samsung-s24c366eau-24-fhd/f-10732-sam8806094769289.html#mpos=0|cd
https://www.cdiscount.com/telephonie/telephone-mobile/samsung-galaxy-s20-128-go-5g-rose/f-1440402-samgalaxs205gr.html?idOffre=4194844831#mpos=0|mp,https://www.cdiscount.com/informatique/ordinateurs-pc-portables/pc-portable-lenovo-ideapad-3-17iau7-sans-windows/f-1070992-82rl00d2fr.html#mpos=0|cd,https://www.cdiscount.com/informatique/ecrans-informatiques/ecran-pc-samsung-odyssey-g3-g30d-32-fhd-d/f-10732-sam1723251105149.html?idOffre=4168442055#mpos=0|cd&sw=4f889283a346804ec77943d5c5165e7ea3145de24c5eba0c0ba292525d7f2fb072adebbb0384a6bbbaefefdd10f1ffd592aa72df53ce93a5258223fb775e377d92ef412d2b64f6850af99724f8e83ccfdf1f84b484a462f948e57dd45f8f528b73f7d27362a4a3c86cdc9ef08695a1aa9b0a50f3dda4813e0ce6761ca8d88e42
https://www.cdiscount.com/telephonie/telephone-mobile/samsung-galaxy-a15-5g-smartphone-128-go-bleu-nuit/f-1440402-sam1704419827317.html?idOffre=4178532293#mpos=0|mp&sw=fed24e7741a33bd86c6e782194ee291064bfaffbeff4aa76d0cd18a841e24c12642f1f046731c8b7bcc83122f0efbd70e6fb6534867c20fcef11bea051832f7a58d945929eba883fd10eac9cbddf9791da57359dbda6553b65d10cc8fe57b84666fd969399a87b86c19d2d7993c79e6fea0f372f74799c7afeb8cf9c7994e698,https://www.cdiscount.com/informatique/ordinateurs-pc-portables/pc-portable-gamer-lenovo-loq-15arp9-sans-windows/f-1070992-83jc001gfr.html?idOffre=3475200000#mpos=0|cd&sw=9d945c9aae30b0f688d82ee2684156cee4bc72baab1909462a2093135adb623cf526840a6e4155bd06e7e078a1289fd431b39d086eeb3620894d3638e163bc84dc45b5cd99caf1bf828a50fe53675c9950e9f674e523fa77a5e5484f9ba819c33a0612759571ed2bee9848ece4f9da4f0a49a70a55ac332742ed82c942717536,https://www.cdiscount.com/informatique/ecrans-informatiques/moniteur-portable-17-3-pouces-uperfect-ecran-full/f-10732-upe0739406538861.html?idOffre=3689618535#mpos=0|mp&sw=4f889283a346804ec77943d5c5165e7e349ac0c729be543216d2ba717f8d991517c483db0875ceb99881f961ecf351a3182e6dfade5a65bf3fda88c0ef1c790a6a276d2bac9f02528a9728080f0a1b4ed7f8a91a0e73cf602d60eb6ea8b932dda5b6584d4137a20ca164b4d88b77a3e8a1379f62b1734817a9142b99b58196f9
https://www.cdiscount.com/telephonie/telephone-mobile/samsung-galaxy-s22-256go-5g-blanc/f-1440402-sam8806092878433.html?idOffre=4193503136#mpos=0|mp&sw=fed24e7741a33bd86c6e782194ee2910c7407e2b1932f94e7f9b8326e4e07d6a6f8b45e588b109d5577ec2497cc2a5c59ba2621dac668ad74ea0915f7211ff6770a3e212964b2d5724ae655e0ee878bff979625423077e70ca50011b208cbf5276200d4df662000efcdea4270daa9ee6e50322c2f85cef32a4ca9b1a5c70cda7,https://www.cdiscount.com/informatique/ordinateurs-pc-portables/pc-portable-lenovo-ideapad-slim-3-16abr8-sans-wi/f-1070992-82xr0097fr.html?idOffre=4077885696#mpos=0|cd&sw=9d945c9aae30b0f688d82ee2684156cee4bc72baab1909462a2093135adb623c3f2b3ef88ed4a6c48c8b8554f87d21e3292d476d8a89bfba0db3b8e3ff2ef00e2162f3a0f568499bc9d0a9db9d6a6051ae4db6ecc84428f6530be686b2a262f4bbc293c123c8ca4d3c4daa965a520de78048c1cb0df8429fb71d9cb313575b0d,https://www.cdiscount.com/informatique/ecrans-informatiques/schneider-sc24m1f-moniteur-portable-23-8-po/f-10732-sch3527570076657.html#mpos=0|mp
https://www.cdiscount.com/telephonie/telephone-mobile/smartphone-xiaomi-redmi-note-13-pro-5g-8go-256-go/f-1440402-xia1702301680275.html?idOffre=4193452852#mpos=0|mp,https://www.cdiscount.com/informatique/ordinateurs-pc-portables/ordinateur-portable-hp-elitebook-840-g5-avec-ecran/f-1070992-hp1720488639520.html?idOffre=3901895738#mpos=0|mp,https://www.cdiscount.com/informatique/ecrans-informatiques/moniteur-ecran-xiaomi-a24i/f-10732-aaahp38589.html?idOffre=4194786093#mpos=0|mp
https://www.cdiscount.com/telephonie/telephone-mobile/smartphone-oukitel-c31-pro-4go-64go-ecran-6-52/f-1440402-ouk9331615051578.html?idOffre=4100483724#mpos=0|mp,https://www.cdiscount.com/informatique/ordinateurs-pc-portables/notodd-pc-portable-16-stockage-12go-512go-int/f-1070992-aoc1698652488781.html#mpos=0|mp,https://www.cdiscount.com/informatique/ecrans-informatiques/ecran-pc-aoc-24b2xh-23-8-fhd-dalle-ips-75/f-10732-aoc4038986147170.html#mpos=0|cd
https://www.cdiscount.com/telephonie/telephone-mobile/samsung-galaxy-a10-noir/f-1440402-samgalaxya10nn.html?idOffre=4192310426#mpos=0|mp,https://www.cdiscount.com/informatique/ordinateurs-pc-portables/pc-portable-lenovo-ideapad-3-17iau7-sans-windows/f-1070992-82rl00d0fr.html#mpos=0|cd,https://www.cdiscount.com/informatique/ecrans-informatiques/moniteur-portable-17-3-screen-1920-1080-hdr-lcd/f-10732-upe1690448293126.html?idOffre=2777814732#mpos=0|mp
https://www.cdiscount.com/telephonie/telephone-mobile/xiaomi-redmi-13c-128go-noir-minuit/f-1440402-xia1699956278284.html?idOffre=3739243254#mpos=0|mp,https://www.cdiscount.com/informatique/ordinateurs-pc-portables/pc-portable-lenovo-ideapad-1-15alc7-windows-11/f-1070992-82r400r7fr.html#mpos=0|cd,https://www.cdiscount.com/informatique/ecrans-informatiques/uperfect-ecran-portable-16-pouces-moniteur-portab/f-10732-upe6975339681234.html#mpos=0|mp
https://www.cdiscount.com/telephonie/telephone-mobile/samsung-galaxy-s21-plus-128go-noir/f-1440402-samgalaxs21p128n.html?idOffre=4194666766#mpos=0|mp,https://www.cdiscount.com/informatique/ordinateurs-pc-portables/notodd-pc-portable-14-stockage-8-256-go-proce/f-1070992-aoc1689587505755.html#mpos=0|mp,https://www.cdiscount.com/informatique/ecrans-informatiques/moniteur-xiaomi-a27i-ela5345eu/f-10732-aaaah35375.html?idOffre=3980612674#mpos=0|mp
https://www.cdiscount.com/telephonie/telephone-mobile/blackview-a52-pro-smartphone-128-go-6-52-518/f-1440402-bla6221300227582.html#mpos=0|mp,https://www.cdiscount.com/informatique/ordinateurs-pc-portables/pc-portable-gamer-hp-victus-16-s1034nf-sans-wind/f-1070992-hp16s1034nf.html#mpos=0|cd,https://www.cdiscount.com/informatique/ecrans-informatiques/ecran-pc-gaming-medion-md20127-27-fhd-dal/f-10732-med4061275233421.html#mpos=0|cd
https://www.cdiscount.com/telephonie/telephone-mobile/samsung-galaxy-s20fe-128go-5g-bleu/f-1440402-samgalas20fe5gbl.html?idOffre=4193360501#mpos=0|mp,https://www.cdiscount.com/informatique/ordinateurs-pc-portables/pc-portable-lenovo-ideapad-3-17alc6-windows-11/f-1070992-82kv00kxfr.html#mpos=0|cd,https://www.cdiscount.com/informatique/ecrans-informatiques/ecran-pc-gamer-incurve-msi-g24c4-e2-24-fhd/f-10732-msi1701162089279.html#mpos=0|cd
https://www.cdiscount.com/telephonie/telephone-mobile/smartphone-xiaomi-redmi-13c-256go-noir/f-1440402-xia6941812757383.html?idOffre=4184933196#mpos=0|mp,https://www.cdiscount.com/informatique/ordinateurs-pc-portables/pc-portable-hp-15s-eq2120nf-windows-11-15-6-f/f-1070992-hp15seq2120nf.html#mpos=0|cd,https://www.cdiscount.com/informatique/ecrans-informatiques/chiq-22f650-moniteur/f-10732-aaabh50022.html?idOffre=3419414749#mpos=0|mp&sw=4f889283a346804ec77943d5c5165e7ed2a831c8e2f17f1d9399f2f33fee23de07a286f619ede2e936d5b6e12e0a4a0acbb7807da56fdcb833e0b6c286e1354886bb52949908c2fd7e4c1b8369f621cbdb5e72864f70f91a7a1ac7d2551eb29108e94df1263541b4b029767684a6bd8cc9e575da9bea70279bb85a5f5d7ffe96
https://www.cdiscount.com/telephonie/telephone-mobile/samsung-galaxy-z-flip4-128go-5g-graphite/f-1440402-sam8806094507225.html?idOffre=4167875093#mpos=0|mp&sw=fed24e7741a33bd86c6e782194ee291064bfaffbeff4aa76d0cd18a841e24c12642f1f046731c8b7bcc83122f0efbd70e6fb6534867c20fcef11bea051832f7a58d945929eba883fd10eac9cbddf97911d435d421f9feca763e40ff18cfcd9dcf30dc39740313a71f267d84483e53cd478441e2058b0da082f3925c6fc4ac5a5,https://www.cdiscount.com/informatique/ordinateurs-pc-portables/pc-portable-lenovo-ideapad-1-15alc7-windows-11/f-1070992-82r400k8fr.html?idOffre=3135471255#mpos=0|cd&sw=9d945c9aae30b0f688d82ee2684156cee4bc72baab1909462a2093135adb623c3f2b3ef88ed4a6c48c8b8554f87d21e3292d476d8a89bfba0db3b8e3ff2ef00e2162f3a0f568499bc9d0a9db9d6a6051b093352c9ba0627d1a17f7af45e3f970531f441dab1de0f8b5f17b3c2b2ba52e8c30e9987458d6a577e466079329d884,https://www.cdiscount.com/informatique/ecrans-informatiques/ecran-pc-samsung-viewfinity-s70d-32-uhd-4k/f-10732-sam1713920210097.html?idOffre=4137470744#mpos=0|cd&sw=4f889283a346804ec77943d5c5165e7ea3145de24c5eba0c0ba292525d7f2fb072adebbb0384a6bbbaefefdd10f1ffd592aa72df53ce93a5258223fb775e377d7815a24e4a051ed86e32a3095d178487c305ae05cbf67321b60ef54ba2e815a598af3b4a8deb561d092ccfe7891498583922aa97f2b0d1f676d6702e93302418
https://www.cdiscount.com/telephonie/telephone-mobile/samsung-galaxy-s21-256go-gris/f-1440402-samgalaxs21256g.html?idOffre=4158285500#mpos=0|mp&sw=fed24e7741a33bd86c6e782194ee291064bfaffbeff4aa76d0cd18a841e24c12642f1f046731c8b7bcc83122f0efbd70e6fb6534867c20fcef11bea051832f7a58d945929eba883fd10eac9cbddf9791f0f6e2a3fa38b93fd0eb0ca2724c1f4da140840601bb5bf73f2cf8aec509eee6c72de639a4ff4d3c67b30adbbecfcc7f,https://www.cdiscount.com/informatique/ordinateurs-pc-portables/pc-portable-lenovo-ideapad-1-15alc7-windows-11/f-1070992-len1693116771489.html?idOffre=4192873484#mpos=0|cd&sw=9d945c9aae30b0f688d82ee2684156cee4bc72baab1909462a2093135adb623c3f2b3ef88ed4a6c48c8b8554f87d21e3292d476d8a89bfba0db3b8e3ff2ef00e6b9f6f0f3510a572ce1f12d77a646dafb42b3ef1392ffbfebfef3f269c566a38bb5271bad332cd645cabb75e54f37ccae778d50fbb8f1f0ece06300707e997b9,https://www.cdiscount.com/informatique/ecrans-informatiques/ecran-pc-samsung-odyssey-g55c-32-165hz/f-10732-sam1707620543829.html#mpos=0|cd
https://www.cdiscount.com/telephonie/telephone-mobile/honor-x6b-128go-4g-noir/f-1440402-hon1718272578855.html?idOffre=3798689364#mpos=0|mp,https://www.cdiscount.com/informatique/ordinateurs-pc-portables/pc-portable-lenovo-ideapad-1-15igl7-15-6-fhd/f-1070992-len1724801455325.html#mpos=0|cd,https://www.cdiscount.com/informatique/ecrans-informatiques/ecran-pc-medion-akoya-p52218-md-20150-54-6-c/f-10732-med1720056956711.html#mpos=0|cd
https://www.cdiscount.com/telephonie/telephone-mobile/smartphone-huawei-p20-lite-64-go-rose-double-sim/f-1440402-huaweip20pink.html#mpos=0|mp,https://www.cdiscount.com/informatique/ordinateurs-pc-portables/pc-portable-chromebook-lenovo-ideapad-slim-3-14m86/f-1070992-82xj0047fr.html#mpos=0|cd,https://www.cdiscount.com/informatique/ecrans-informatiques/ecran-pc-gamer-aoc-c32g2ze-bk-31-5-va-incur/f-10732-aoc4038986117395.html?idOffre=3198515843#mpos=0|mp
https://www.cdiscount.com/telephonie/telephone-mobile/smartphone-4g-marque-modele-6-3-plein-hd/f-1440402-tee1909072616531.html#mpos=0|mp,https://www.cdiscount.com/informatique/ordinateurs-pc-portables/pc-portable-asus-vivobook-16-s1605-win-11-16/f-1070992-s1605pamb130w.html#mpos=0|cd,https://www.cdiscount.com/informatique/ecrans-informatiques/ecran-pc-aoc-u32g3x-32-uhd-4k-dalle-ips/f-10732-aoc1705489581378.html#mpos=0|cd
https://www.cdiscount.com/telephonie/telephone-mobile/huawei-p30-lite-128-go-bleu/f-1440402-huaweip30lit128b.html?idOffre=3372823166#mpos=0|mp,https://www.cdiscount.com/informatique/ordinateurs-pc-portables/pc-portable-gamer-lenovo-legion-s5-16arp9-sans-w/f-1070992-83ex002vfr.html#mpos=0|cd,https://www.cdiscount.com/informatique/ecrans-informatiques/ecran-pc-samsung-odyssey-g3-g30d-32-fhd-d/f-10732-sam1723251105149.html#mpos=0|cd
https://www.cdiscount.com/telephonie/telephone-mobile/xiaomi-smartphone-redmi-a3-4-128-vert/f-1440402-xia1707782147979.html?idOffre=3911059323#mpos=0|mp,https://www.cdiscount.com/informatique/ordinateurs-pc-portables/pc-portable-gamer-hp-victus-15-fb0202nf-sans-win/f-1070992-hp15fb0202nf.html#mpos=0|cd,https://www.cdiscount.com/informatique/ecrans-informatiques/ecran-pc-gamer-asus-tuf-vg27aq1a-27-ips-wqh/f-10732-auc4718017784047.html?idOffre=3458573421#mpos=0|mp
https://www.cdiscount.com/telephonie/telephone-mobile/huawei-p30-pro-128-go-noir/f-1440402-huaweip30pro128b.html?idOffre=3515163891#mpos=0|mp,https://www.cdiscount.com/informatique/ordinateurs-pc-portables/pc-portable-bvate-14-fhd-ram-6go-256go-memoire/f-1070992-aaaik39846.html#mpos=0|mp,https://www.cdiscount.com/informatique/ecrans-informatiques/ecran-pc-gamer-asus-tuf-vg328h1b-31-5-va-incu/f-10732-asu4718017625999.html#mpos=0|cd
https://www.cdiscount.com/telephonie/telephone-mobile/samsung-galaxy-a13-64go-5g-noir/f-1440402-samsungala13blck.html?idOffre=3372823413#mpos=0|mp,https://www.cdiscount.com/informatique/ordinateurs-pc-portables/pc-portable-15-6-pouces-ordinateur-portable-windo/f-1070992-aaalj49449.html#mpos=0|mp,https://www.cdiscount.com/informatique/ecrans-informatiques/ecran-pc-bureautique-27-4k-uhd-usb-c-cha/f-10732-jap1712236657053.html#mpos=0|mp
https://www.cdiscount.com/telephonie/telephone-mobile/xiaomi-redmi-6-32-go-or-reconditionne-comme-ne/f-1440402-rcdbycds743cn.html?idOffre=3305669304#mpos=0|mp,https://www.cdiscount.com/informatique/ordinateurs-pc-portables/pc-portable-gamer-asus-tuf-gaming-a15-sans-windo/f-1070992-tuf506ncrhn006.html#mpos=0|cd,https://www.cdiscount.com/informatique/ecrans-informatiques/ecran-pc-samsung-odyssey-g55c-27-165hz-da/f-10732-sam1707620913961.html?idOffre=4137470829#mpos=0|cd&sw=4f889283a346804ec77943d5c5165e7ea3145de24c5eba0c0ba292525d7f2fb072adebbb0384a6bbbaefefdd10f1ffd5f42ffa78e7722d1b0cfd586cd5906699e101c1d9bdc9efd9afca179e568f87c6435b71564d03c97dab9d156143d26a939d16ac700debbbbeddced59ec3385431342bf67d2a0de7c153182268f17d3dd0
https://www.cdiscount.com/telephonie/telephone-mobile/samsung-galaxy-s22-128go-5g-lavande/f-1440402-sam8806094615258.html?idOffre=4193513161#mpos=0|mp&sw=fed24e7741a33bd86c6e782194ee2910c7407e2b1932f94e7f9b8326e4e07d6a6f8b45e588b109d5577ec2497cc2a5c5c52a1e913793cd8380c7abddfd6728b80c627be6637c7676d7935d03d208224e86fed04f79508dd5c9920c39ceab7e7aa6e37d22ea00720fc00b5de3e94716432b02d3d520dc3e2f85fb9443af0826a8,https://www.cdiscount.com/informatique/ordinateurs-pc-portables/pc-portable-161-intel/f-1070992-aaamt74078.html?idOffre=4187140340#mpos=0|mp&sw=9d945c9aae30b0f688d82ee2684156cee4bc72baab1909462a2093135adb623c4ae2952f7d7d5067e6be74aee58ea82eb3b90c0e59e65f40ac79ca6b9a9c5f5bad8aef66263b0ebbfba3e6c4558fd65a6bf62555f4ea089b97dcbe086d7023cca1e4b6930d50fb3d1f020d0a242f701f20ae8dd2b8ba33921014aa5e1d14f4fe,https://www.cdiscount.com/informatique/ecrans-informatiques/uperfect-15-6-pouces-moniteur-portable-1920-1080/f-10732-upe1703066210078.html?idOffre=3770378986#mpos=0|mp&sw=4f889283a346804ec77943d5c5165e7e349ac0c729be543216d2ba717f8d991517c483db0875ceb99881f961ecf351a339af7555eebbcc01e546040a7e7ecba09405275e6858ee14e2cc3a11277ec63f1361546b80f46d103a9c73d9c709af9e3a218412fc5487cd594a13022fb9e248ff82ce0d111cb286540410467da301f2
https://www.cdiscount.com/telephonie/telephone-mobile/apple-iphone-14-128gb-starlight-reconditionne/f-1440402-rcdapp0011581exe.html?idOffre=3493046689#mpos=0|mp&sw=fed24e7741a33bd86c6e782194ee2910bccd5bf297e50ba733db54e7744e3ab75ab6e7d570ed62fab82ef6c5fd4caf5964fe2d1fd282b9747501ff0d12748c9c925c5f98d304bdb844fb5e850fcd8693be49d2de790ea52c48236974df08bbfca7cdf924d8e238560a784a6a847422e4ac8792022fab1b3a1fe99225c58b9846,https://www.cdiscount.com/informatique/ordinateurs-pc-portables/pc-portable-gamer-lenovo-legion-s5-16arp9-sans-w/f-1070992-83ex002vfr.html?idOffre=3985263757#mpos=0|cd&sw=9d945c9aae30b0f688d82ee2684156cee4bc72baab1909462a2093135adb623cf526840a6e4155bd06e7e078a1289fd431b39d086eeb3620894d3638e163bc84de0570a796d398dd5a7463fd681aab0524f215e977d49fd60633a2a84d01e3d0bf8763cf930bb0d1535c94b04aff09ed510eca32557ecce75cdb3278728907bf,https://www.cdiscount.com/informatique/ecrans-informatiques/chiq-27f650r-cran/f-10732-aaabh55483.html#mpos=0|mp
https://www.cdiscount.com/telephonie/telephone-mobile/xiaomi-redmi-note-13-pro-5g-256go-violet-aur/f-1440402-rn13pro5g256p.html?idOffre=4193649396#mpos=0|mp,https://www.cdiscount.com/informatique/ordinateurs-pc-portables/pc-portable-botrend-161-fhd/f-1070992-aaann37874.html#mpos=0|mp,https://www.cdiscount.com/informatique/ecrans-informatiques/ecran-pc-gamer-asus-tuf-vg249q1a-23-8-ips-fhd/f-10732-asu4718017921978.html?idOffre=1798677233#mpos=0|mp
https://www.cdiscount.com/telephonie/telephone-mobile/apple-iphone-12-128go-noir-reconditionne-excel/f-1440402-rcdbycds046cn.html?idOffre=4190940698#mpos=0|mp,https://www.cdiscount.com/informatique/ordinateurs-pc-portables/pc-portable-lenovo-ideapad-1-15alc7-windows-11/f-1070992-len1693116771489.html#mpos=0|cd,https://www.cdiscount.com/informatique/ecrans-informatiques/moniteur-lcd-hp-la2205wg-22-pouces/f-10732-hp3770006984679.html?idOffre=2264502402#mpos=0|mp
https://www.cdiscount.com/telephonie/telephone-mobile/blackview-wave-6c-smartphone-4go-2-2-ram-32go/f-1440402-bla1699942496453.html#mpos=0|mp,https://www.cdiscount.com/informatique/ordinateurs-pc-portables/pc-portable-auusda-15-6-intel-alder-lake-n-95/f-1070992-auu1715240611772.html#mpos=0|mp,https://www.cdiscount.com/informatique/ecrans-informatiques/hp-elitedisplay-e243d-60-5-cm-23-8-1920-x-108/f-10732-hp0190781822288.html#mpos=0|mp
https://www.cdiscount.com/telephonie/telephone-mobile/u5-smartphone-623-fhd-4go-/f-1440402-aaabi31306.html#mpos=0|mp,https://www.cdiscount.com/informatique/ordinateurs-pc-portables/pc-portable-161-intel/f-1070992-aaamt74078.html#mpos=0|mp,https://www.cdiscount.com/informatique/ecrans-informatiques/ecran-msi-pro-mp243x-23-8-pouces-fhd-1920x/f-10732-msi1697795350549.html#mpos=0|cd
https://www.cdiscount.com/telephonie/telephone-mobile/xiaomi-mi-11-lite-8go-256go-truffe-noir-5g-smartph/f-1440402-xia0699974685971.html#mpos=0|mp,https://www.cdiscount.com/informatique/ordinateurs-pc-portables/pc-portable-notebook-thomson-neo15-15-6-fhd/f-1070992-th15i3108gr256.html#mpos=0|cd,https://www.cdiscount.com/informatique/ecrans-informatiques/ecran-lg-32mn500m-b-32-full-hd-ips-hdmi-noir/f-10732-lg8806098799794.html?idOffre=1743415398#mpos=0|mp
https://www.cdiscount.com/telephonie/telephone-mobile/samsung-galaxy-a15-smartphone-128go-bleu-nuit/f-1440402-aaaam22257.html?idOffre=4192662809#mpos=0|mp,https://www.cdiscount.com/informatique/ordinateurs-pc-portables/ordinateur-portable-16-ips-fhd-16-go-ram-512-go/f-1070992-xue1727331446169.html?idOffre=4193396218#mpos=0|mp,https://www.cdiscount.com/informatique/ecrans-informatiques/ecran-pc-gamer-msi-g2712f-27-dalle-fast-i/f-10732-msi1708995351696.html#mpos=0|cd
https://www.cdiscount.com/telephonie/telephone-mobile/samsung-galaxy-s22-128go-5g-blanc/f-1440402-sam8806092878518.html?idOffre=4158355991#mpos=0|mp,https://www.cdiscount.com/informatique/ordinateurs-pc-portables/pc-portable-hp-17-cn0019nf-17-3-hd-celeron-n/f-1070992-bun17cn0019nfso.html#mpos=0|cd,https://www.cdiscount.com/informatique/ecrans-informatiques/ecran-pc-gamer-msi-g27c4-e3-27-dalle-rapi/f-10732-msi1709776041980.html#mpos=0|mp
https://www.cdiscount.com/telephonie/telephone-mobile/smartphone-xiaomi-redmi-note-13-pro-5g-256go-bleu/f-1440402-rn13pro5g256b.html?idOffre=4116125033#mpos=0|mp,https://www.cdiscount.com/informatique/ordinateurs-pc-portables/pc-portable-lenovo-ideapad-3-14ian8-sans-windows/f-1070992-82xa003bfr.html#mpos=0|cd,https://www.cdiscount.com/informatique/ecrans-informatiques/ecran-pc-incurv---lc-power--/f-10732-aaalw74857.html?idOffre=4167633231#mpos=0|mp
https://www.cdiscount.com/telephonie/telephone-mobile/xiaomi-redmi-note-10-pro-128go-4g-bronze-degrade/f-1440402-xia6934177734700.html?idOffre=4115650310#mpos=0|mp,https://www.cdiscount.com/informatique/ordinateurs-pc-portables/ordinateur-portable---win11-/f-1070992-aaaik39840.html#mpos=0|mp,https://www.cdiscount.com/informatique/ecrans-informatiques/ecran-pc-samsung-odyssey-g3-g30d-27-fhd-d/f-10732-sam1715474046435.html#mpos=0|cd
https://www.cdiscount.com/telephonie/telephone-mobile/samsung-galaxy-a71-128go-noir/f-1440402-sam0789458355213.html?idOffre=4027958713#mpos=0|mp,https://www.cdiscount.com/informatique/ordinateurs-pc-portables/pc-portable-acer-chromebook-314-cb314-2h-k04f-14/f-1070992-bunnxawfef00d.html#mpos=0|cd,https://www.cdiscount.com/informatique/ecrans-informatiques/ecran-pc-aoc-q27g4xf-27-qhd-dalle-ips-1/f-10732-aoc4038986182485.html#mpos=0|cd
https://www.cdiscount.com/telephonie/telephone-mobile/huawei-p40-lite-128-go-vert-services-google-non-i/f-1440402-huaweip40litjcbl.html?idOffre=4116933011#mpos=0|mp,https://www.cdiscount.com/informatique/ordinateurs-pc-portables/pc-portable-lenovo-ideapad-slim-3-16iah8-windows/f-1070992-83es003dfr.html#mpos=0|cd,https://www.cdiscount.com/informatique/ecrans-informatiques/aoc-gaming-24g15n-moniteur-full-hd-24-pouces-180/f-10732-aoc1737633856954.html#mpos=0|mp
https://www.cdiscount.com/telephonie/telephone-mobile/oukitel-wp32-pro-smartphone-robuste-24go-6-18-ra/f-1440402-ouk1723281092407.html#mpos=0|mp,https://www.cdiscount.com/informatique/ordinateurs-pc-portables/pc-portable-gamer-lenovo-loq-15iax9-sans-windows/f-1070992-len1725240278149.html#mpos=0|cd,https://www.cdiscount.com/informatique/ecrans-informatiques/myview-smart-monitor-27sr50f-w/f-10732-lg1716340818860.html?idOffre=3688626115#mpos=0|mp
https://www.cdiscount.com/telephonie/telephone-mobile/smartphone-huawei-p30-pro-noir-256-go/f-1440402-huaweip30pro256b.html?idOffre=3372823102#mpos=0|mp,https://www.cdiscount.com/informatique/ordinateurs-pc-portables/pc-portable-gamer-erazer-deputy-p60i-livre-sans/f-1070992-30038061.html#mpos=0|cd,https://www.cdiscount.com/informatique/ecrans-informatiques/uperfect-moniteur-portable/f-10732-aaaig19875.html?idOffre=3955682794#mpos=0|mp&sw=4f889283a346804ec77943d5c5165e7e349ac0c729be543216d2ba717f8d991517c483db0875ceb99881f961ecf351a3245eb1afea25915975f45a78d7bf11f6cbb964614cc47e423442f72e857658fd769b2cdf25b936a74a821d10fdbaa2ed083c9ad6dfaf785cea6d03d09dc52288734084346330ad5137a0d1d7e531435d
