Smartphone,Ordinateur,Moniteur,Disque_dur
https://www.cdiscount.com/telephonie/telephone-mobile/oukitel-c36-smartphone-4go-128go-ecran-hd-6-56/f-1440402-ouk1696759150156.html?idOffre=3334047895#mpos=0|mp&sw=fed24e7741a33bd86c6e782194ee2910711acf877e08b878b6a9883ba613bdf6c6f3b0eaad4028d876126539be38591e667a5d9fcbf856b032c74eee6c964f97524116c3cc8190044cbd33bdd99992eec0f6c9b76a394ef9191212f73ac56455e24556382353bc6e06c1691083600310166c2fbdd7d86b710fc70d811f2cadb6,https://www.cdiscount.com/informatique/ordinateurs-pc-portables/xiseziuo-g62-ordinateur-portable-14-1-avec-windo/f-1070992-xis1720174490318.html?idOffre=3886776507#mpos=0|mp&sw=9d945c9aae30b0f688d82ee2684156cee4bc72baab1909462a2093135adb623ca9cbab824f74e6b22aa59d1eb0cb5d6475222f1dda63150e196ca137491e65c95e49916182d1887ee544c17ef79d741cc865b1f5fe78a0524e1a2627ee85f99dce486a662eda0b7427c6981f82036d00919320049c77f88050c9d59921ac55e8,https://www.cdiscount.com/informatique/ecrans-informatiques/ecran-pc-continental-edison-celedmon22v2b6-2/f-10732-celedmon22v2b6.html#mpos=0|cd,https://www.cdiscount.com/informatique/disques-durs/western-digital-disque-dur-externe-elements-1t/f-1073602-wdbuzg0010bbk.html?idOffre=7609845#mpos=0|mp&sw=33d5e75610a70ea2f2085f7761e2c9b54bc2792c575144f4a4700d766966ba7d042a45f142cd955a06f581e6f632c40b50bb52df5c95891efb88555bd26de9b70fb6bc6da49f2a2a803f731e5c7af152cad3dd2cf47661ff14c16af410d16d7e2e719c826cbffca7e8f00d407c4a7fd4
https://www.cdiscount.com/telephonie/telephone-mobile/huawei-p30-lite-128go-noir-reconditionne-tres/f-1440402-hua3344869193440.html?idOffre=3685988510#mpos=0|mp&sw=fed24e7741a33bd86c6e782194ee291006dee146678c60e83ae9347949c4b770f64d5f9573a45442b144d0ff0f010e4f68f4153905d43341d5c1588e378f808c69c772719c1eca7d711606cbb8d4e408d1b954bc73185647e851f0a0d9183a73fb300683f786435cc1b75dde9c10cc16145dc92627e5a8a8ac5f8999aa730b81,https://www.cdiscount.com/informatique/ordinateurs-pc-portables/xiseziuo-g152-ordinateur-portable-15-6-pouces-wi/f-1070992-xis1720173868160.html?idOffre=3886759203#mpos=0|mp&sw=9d945c9aae30b0f688d82ee2684156cee4bc72baab1909462a2093135adb623ca9cbab824f74e6b22aa59d1eb0cb5d6475222f1dda63150e196ca137491e65c9c942bb50a6aad26c77f78240342dc2f2e6e55b7a8e4d41d40d1815b6640a931067dee4a999a9321c4e30f9c7efa7281066aa341a3a00ebf45335dde3e3863e2f,https://www.cdiscount.com/informatique/ecrans-informatiques/ecran-pc-gamer-lenovo-legion-r27i-30-27-ips-f/f-10732-len0197529364932.html#mpos=0|cd,https://www.cdiscount.com/informatique/disques-durs-internes/seagate-disque-dur-interne-nas-ironwolf-12to/f-10768-sea8719706004350.html?idOffre=3454368579#mpos=0|mp&sw=33d5e75610a70ea2f2085f7761e2c9b5d7205e8e23bb4e7bb6fea87e4e245c2ea8dea2134ed72fd88a74a20b1808ec4d891e003d9d58fa14328996ff8c5b9b93cf09179b3437bc57c192dbf84affbfc72f5c5a3458c2da956ca43fe3df2a647e2a5c7e116a20b70de39a2967212f5d7551415cb07818382021aa231b35cdb715
https://www.cdiscount.com/telephonie/telephone-mobile/samsung-galaxy-s21-ultra-128go-silver/f-1440402-samgalaxs21u128s.html?idOffre=3997673980#mpos=0|mp&sw=fed24e7741a33bd86c6e782194ee2910de6c6745a2caa964a4497f133643933b5a25fcd5327dfa3a9b637e44de56cd4189c880046c5d7764a990eedb2e0df3a7a29fc8b41386a211572e6ca65c10ec71d284056657b37190e2b097f96e9a87f95d5180d30b3ca7383b92240ac43ca31c3227509b5e5e129ecd18f3a64c2e06dc,https://www.cdiscount.com/informatique/ordinateurs-pc-portables/pc-portable-bvate-14-fhd-ram-6go-256go-memoire/f-1070992-aaaik39846.html?idOffre=3979718531#mpos=0|mp&sw=9d945c9aae30b0f688d82ee2684156cee4bc72baab1909462a2093135adb623cdf107169aede7f7f6b25fed84d172a4c11433d621a0974e24df0fd91c6b5fefa67b859e1bda37dbe90ff706ff87e425ffddf7282bc08beab5505ce829c75eac5bcf312b88546f9e0560d7f39e2f704df1464a94ea9ed90ed53678115cecf599d,https://www.cdiscount.com/informatique/ecrans-informatiques/ecran-pc-gamer-incurve-iiyama-g-master-red-eagle/f-10732-iiy4948570118861.html?idOffre=4192405290#mpos=0|mp,https://www.cdiscount.com/informatique/disques-durs/crucial-ssd-externe-portable-x9-pro-1-to-co/f-1073610-cru1701997725031.html?idOffre=4192627096#mpos=0|mp
https://www.cdiscount.com/telephonie/telephone-mobile/doogee-n55-pro-smartphone--/f-1440402-aaaen70755.html?idOffre=3706387586#mpos=0|mp&sw=fed24e7741a33bd86c6e782194ee29105dbc9053f18425c7ca344d3635512e6e68fbe4c4cebba57e76ab4de63df146095f4e728e8dda4d909104595f40a79b1a6c94379b15c564cd5905218a6e49f42b68ef69435ce8edb0195b9b3ce44bd085acfcfecefe6d5b614e8dfe17484916795432cb25401b4fa79c402c48b3f1fb97,https://www.cdiscount.com/informatique/ordinateurs-pc-portables/pc-portable-lenovo-ideapad-3-17alc6-sans-windows/f-1070992-82kv00lmfr.html?idOffre=4077885694#mpos=0|cd&sw=9d945c9aae30b0f688d82ee2684156cee4bc72baab1909462a2093135adb623cf526840a6e4155bd06e7e078a1289fd431b39d086eeb3620894d3638e163bc844802913c0139e5ba8e12c913e122efd6e2f139b0d96ebc03cc8a61b349577016c3cdf17659e9ae26b0bb2a807ea31066a6ab9a415dc56c9cc48d643f53352cb8,https://www.cdiscount.com/informatique/ecrans-informatiques/moniteur-de-jeu-titan-army/f-10732-aaakg84346.html#mpos=0|mp,https://www.cdiscount.com/informatique/disques-durs/samsung-ssd-externe-t7-rouge-2to-usb-type/f-1073610-sam8806090312441.html?idOffre=4192426484#mpos=0|mp
https://www.cdiscount.com/telephonie/telephone-mobile/apple-iphone-15-128gb-black-2023-reconditionne/f-1440402-rcdappvdgpoacexe.html?idOffre=4124933221#mpos=0|mp,https://www.cdiscount.com/informatique/ordinateurs-pc-portables/pc-portable-hp-15s-eq2083nf-windows-11-15-6-f/f-1070992-hp15seq2083nf.html#mpos=0|cd,https://www.cdiscount.com/informatique/ecrans-informatiques/ecran-pc-acer-ek251qebi-24-5-fhd-dalle-ip/f-10732-ace1712368330690.html#mpos=0|cd,https://www.cdiscount.com/informatique/ssd/pny-cs1030-ssd-500-go-m-2-2280-m280cs103/f-10703-m280cs1030500rb.html?idOffre=2231262677#mpos=0|mp
https://www.cdiscount.com/telephonie/telephone-mobile/apple-iphone-13-256-go-starlight-2021-recondit/f-1440402-rcdapp0038712exe.html?idOffre=4001963778#mpos=0|mp,https://www.cdiscount.com/informatique/ordinateurs-pc-portables/pc-portable-lenovo-ideapad-3-17alc6-sans-windows/f-1070992-82kv00lmfr.html#mpos=0|cd,https://www.cdiscount.com/informatique/ecrans-informatiques/ecran-pc-chiq-moniteur-24-pouces-full-hd-1920x108/f-10732-chi8592344400223.html?idOffre=2642058613#mpos=0|mp,https://www.cdiscount.com/informatique/disques-durs/ssd-externe-lacie-portable-ssd-500go-nvme/f-1073610-stks500400.html#mpos=0|cd
https://www.cdiscount.com/telephonie/telephone-mobile/apple-iphone-13-pro-128-go-gold-2021-recondit/f-1440402-rcdapp0049963exe.html?idOffre=4194552496#mpos=0|mp,https://www.cdiscount.com/informatique/ordinateurs-pc-portables/pc-portable-lenovo-ideapad-slim-3-15ian8-sans-win/f-1070992-82xb006ufr.html#mpos=0|cd,https://www.cdiscount.com/informatique/ecrans-informatiques/ecran-pc-continental-edison-celedmon27b6-27/f-10732-celedmon27b6.html#mpos=0|cd,https://www.cdiscount.com/informatique/disques-durs/disque-dur-externe-toshiba-canvio-2to/f-1073602-tos4260557512357.html#mpos=0|cd
https://www.cdiscount.com/telephonie/telephone-mobile/apple-iphone-12-128go-bleu-reconditionne-excel/f-1440402-rcdbycds045cn.html?idOffre=4190940695#mpos=0|mp,https://www.cdiscount.com/informatique/ordinateurs-pc-portables/pc-portable-hp-pavilion-15-eg2049nf-windows-11/f-1070992-hp0197498543659.html#mpos=0|cd,https://www.cdiscount.com/informatique/ecrans-informatiques/chiq-22f650-moniteur/f-10732-aaabh50022.html?idOffre=3419414749#mpos=0|mp,https://www.cdiscount.com/informatique/disques-durs/disque-dur-externe-inn-r-type-c-disque-dur-extern/f-1073602-aaanb68566.html?idOffre=4190377198#mpos=0|mp
https://www.cdiscount.com/telephonie/telephone-mobile/samsung-galaxy-a14-5g-noir-64-go/f-1440402-sam8806094825374.html?idOffre=4170335966#mpos=0|mp,https://www.cdiscount.com/informatique/ordinateurs-pc-portables/pc-portable-notebook-thomson-th14c128-ecran/f-1070992-th14c128.html#mpos=0|cd,https://www.cdiscount.com/informatique/ecrans-informatiques/ecran-gamer-asus-tuf-vg249q1r-23-8-ips-ful/f-10732-auc4718017734714.html?idOffre=2090556153#mpos=0|mp,https://www.cdiscount.com/informatique/disques-durs/toshiba-disque-dur-externe-canvio-basics-1-t/f-1073602-tos4260557512340.html#mpos=0|cd
https://www.cdiscount.com/telephonie/telephone-mobile/smartphone-huawei-p-smart-/f-1440402-aaamy61320.html?idOffre=4189547396#mpos=0|mp&sw=fed24e7741a33bd86c6e782194ee291064876003fbf77b21791172b7d506831b1b2f0f76f596bc5413aae47b9f015c21a229a4fc6de6f6c555e813a51d5e84350aa3b15bcc5ff4af47bb063820f04265de9f04030e7d95fe8840ae4f07d45fbb1464a920070e264984c183b0abe7fc5fac185616ff26d8759123f2764b1701e9,https://www.cdiscount.com/informatique/ordinateurs-pc-portables/pc-portableintel-celeron/f-1070992-aaans45170.html?idOffre=4193793294#mpos=0|mp&sw=9d945c9aae30b0f688d82ee2684156cee4bc72baab1909462a2093135adb623c36f4d199e314d1f64c9e04b123e7e74db6a5bee4384134c8d587d741977abacfc90d0006054c8fa346399d2d3d2cb3d56898b2490f9fa913d6e6dc030619e084ca3abb806ce22d8478fc3feecb33aa0d103bfa639017c676e9293b0880b99818,https://www.cdiscount.com/informatique/ecrans-informatiques/ecran-pc-philips-evnia-27m2n3200s-27-fhd/f-10732-phi1721524349346.html?idOffre=4117562447#mpos=0|cd&sw=4f889283a346804ec77943d5c5165e7ed48699242d671096c44f45df37bd502bac166fbc75251cbe08198514cd1ac6a6fc18c2cb9fd1eddc04f49d6ce66335a0084473b57f0e3320246cfc0f42e32ad7e269ee51f917487ae9da59c13fec995189b8dc1035b324b6c3fa6206a5a6ffb6ef84b895b20b919c54efdfc88fa72201,https://www.cdiscount.com/informatique/ssd/samsung-ssd-interne-870-qvo-2-to-mz-77q2t0bw/f-10703-sam8806090396007.html?idOffre=2853747101#mpos=0|mp&sw=33d5e75610a70ea2f2085f7761e2c9b5cb384198c851f85629dad01184984ef1adb43d274d8152a985a23e219591a4c8144e72940ae3fde207a28235d797560ca2d7d94fd03848f3555478576cd9e01d543790e742972d174040926097e9492109fce130c03eb48d1157e38370ec27218aad6de0a2d8069a85e8841576d6167d
https://www.cdiscount.com/telephonie/telephone-mobile/smartphone-robuste-doogee/f-1440402-aaajn52853.html?idOffre=4048433770#mpos=0|mp&sw=fed24e7741a33bd86c6e782194ee29105900609fff672200b9255974b1d6949d6f26485ed32e8e0789508578b5682f31ccf9eee8936828079322d53c236327b185cb6ad21da99e7f17b7a1b86b964dc94640176ad63bece03d82b1a9ab5e65cd28bdd6ebea787a2ff145449e831d53853d4ddb53cedc339afe2ae848b3a0c852,https://www.cdiscount.com/informatique/ordinateurs-pc-portables/ordinateur-portable-16-pouces-fhd-16-go-ddr4-2/f-1070992-ouz1727315366785.html?idOffre=4193343883#mpos=0|mp&sw=9d945c9aae30b0f688d82ee2684156cee4bc72baab1909462a2093135adb623cd970f68d4c0f8fa188f2d5a4f5abf2b66e9ad1e13ffc92cb95caf654ec732e788cade5f63fb60f130a9df1c16e5b58b52dd38977e349a82c899bce9159388197bfbebb707b554cdcb9aee37741fe315a1426442100d19a7459137956e9371604,https://www.cdiscount.com/informatique/ecrans-informatiques/ecran-pc-aoc-24b2xh-23-8-fhd-dalle-ips-75/f-10732-aoc4038986147170.html?idOffre=4192453920#mpos=0|mp&sw=4f889283a346804ec77943d5c5165e7e9e422b247856d7e48eee41c4b2485c6d2063ed4b2484d86b23cb4ab5b511d8e87a2c3b74a523d3174e5590c17deec414e247caa18cbdeb30fe234bfe51c1b9aafaa97d2578e8be3e1959aeadb0be18d03c588c0ff4f9c782c1430d6b6751bc0ee40d28b78001b925880cdb8d245964d3,https://www.cdiscount.com/informatique/ssd/samsung-ssd-interne-970-evo-plus-1to-m-2-n/f-10703-sammzv7s1t0bw.html?idOffre=3386258676#mpos=0|mp&sw=33d5e75610a70ea2f2085f7761e2c9b5d7205e8e23bb4e7bb6fea87e4e245c2ea8dea2134ed72fd88a74a20b1808ec4d348609cccfb1d7e18874dc767028768771e0ba5f8581c0bea838ef4e73f8d3dccd4140b22ce797ddc98a09be690b116b6311ff916f679c64188582cdb281c8950a8d0636a141c6f4b837d979aa520d15
https://www.cdiscount.com/telephonie/telephone-mobile/smartphone-google-pixel-8-pro-6-7-5g-double-sim-1/f-1440402-goo1697129329662.html?idOffre=4182061203#mpos=0|mp&sw=fed24e7741a33bd86c6e782194ee291026de1fdd3946ea0604186b4d8312347657363d5aead7e477a174d7504fa254890afb6222b962af6e30c79332a51bfaa1c8657d43c97a8da1e0905951c0a1da098e584f5c9fdfcf4d233f315ab0c88f896d3c87d5696e55280c94ea144d57feb1b418e96f2b78a007ed4480649341da99,https://www.cdiscount.com/informatique/ordinateurs-pc-portables/pc-portable-botrend-161-fhd/f-1070992-aaann37874.html?idOffre=4192990056#mpos=0|mp&sw=9d945c9aae30b0f688d82ee2684156cee4bc72baab1909462a2093135adb623cae965701b67005ab9db780422228065ea4fcd48a7c5fcc425204d312e1f935acb29c16ebda9e103767d774832126d650c757b7f066a16289622198efe0a7eade3132c52eb40243a09392c10cd3ebe71bc86d5c9effa35cb3518e7bcdd2920e31,https://www.cdiscount.com/informatique/ecrans-informatiques/ecran-pc-philips-evnia-34m2c3500l-34-wqhd/f-10732-phi1725844577065.html?idOffre=4192452499#mpos=0|mp&sw=4f889283a346804ec77943d5c5165e7e9e422b247856d7e48eee41c4b2485c6d2063ed4b2484d86b23cb4ab5b511d8e8360b0124ba838765ebca7557032941305a4dcc5f94844554105f8590bd24fbb3f4775928b8ab8ce9041f2f18b61ef74ae2d90818cb027116f585be7d425a01cd6ecc85080ea24de32dceef61621ac613,https://www.cdiscount.com/informatique/disques-durs-internes/hgst-ultrastar-dc-hc320-3-5-8000-go-7200-tr-mi/f-10768-hgs0829686005181.html?idOffre=2853748288#mpos=0|mp&sw=33d5e75610a70ea2f2085f7761e2c9b5cb384198c851f85629dad01184984ef1adb43d274d8152a985a23e219591a4c819453eec40660afc456d93e83e3d554a28af3922a9045de6f30950899ffb9937d644ffe21e6d6dc9b83ac7bedb5b0fea27c6d574f3e0c768159d640648805184a9d37723b7baddc27b452f4d1e32ba8a
https://www.cdiscount.com/telephonie/telephone-mobile/xiaomi-redmi-13c-256go-bleu/f-1440402-xia6941812757147.html?idOffre=4193360402#mpos=0|mp,https://www.cdiscount.com/informatique/ordinateurs-pc-portables/pc-portable-acer-chromebook-314-cb314-2h-k04f-14/f-1070992-nxawfef00d.html#mpos=0|cd,https://www.cdiscount.com/informatique/ecrans-informatiques/ecran-pc-samsung-smart-monitor-m7-dm700-43/f-10732-sam1713146342804.html?idOffre=4190238564#mpos=0|mp,https://www.cdiscount.com/informatique/ssd/pny-cs900-ssd-1-to-2-5-ssd7cs900-1tb-rb/f-10703-ssd7cs9001tbrb.html#mpos=0|cd
https://www.cdiscount.com/telephonie/telephone-mobile/smartphone-4g-pro-5-3-plein-hd-debloque-and/f-1440402-tee9331632364378.html#mpos=0|mp,https://www.cdiscount.com/informatique/ordinateurs-pc-portables/pc-portableintel-celeron/f-1070992-aaans45170.html#mpos=0|mp,https://www.cdiscount.com/informatique/ecrans-informatiques/moniteur-lg-ultragear-24gq50f-b-24-led-fullhd-165/f-10732-lg1718213506839.html?idOffre=3874420722#mpos=0|mp,https://www.cdiscount.com/informatique/disques-durs/disque-dur-externe-1to-2-5-usb3-0-disque-dur-ext/f-1073602-auc6890789089051.html?idOffre=3652676456#mpos=0|mp
https://www.cdiscount.com/telephonie/telephone-mobile/huawei-p30-lite-128-go-noir/f-1440402-huaweip30lit128n.html?idOffre=4116935155#mpos=0|mp,https://www.cdiscount.com/informatique/ordinateurs-pc-portables/pc-portable-hp-15s-eq2083nf-15-6-fhd-ryzen-5/f-1070992-bun15seq2083so1.html#mpos=0|cd,https://www.cdiscount.com/informatique/ecrans-informatiques/ecran-pc-viewsonic-va240-h-2-24-fhd-dalle/f-10732-vie0766907030914.html#mpos=0|cd,https://www.cdiscount.com/informatique/disques-durs/disque-dur-externe-inn-r-type-c-disque-dur-extern/f-1073602-aaaed42510.html#mpos=0|mp
https://www.cdiscount.com/telephonie/telephone-mobile/xiaomi-redmi-13c-256go-vert/f-1440402-xia6941812757420.html?idOffre=4116932662#mpos=0|mp,https://www.cdiscount.com/informatique/ordinateurs-pc-portables/pc-portable-hp-17-cn0019nf-windows-11-17-3-hd/f-1070992-hp17cn0019nf.html#mpos=0|cd,https://www.cdiscount.com/informatique/ecrans-informatiques/ecran-pc-bureautique-28-4k-uhd-60hz/f-10732-jap1718868200202.html#mpos=0|mp,https://www.cdiscount.com/informatique/disques-durs/hdd-disque-dur-externe-portable-ssd-4to-4tb-type-c/f-1073602-aaaah66902.html?idOffre=4181461018#mpos=0|mp
https://www.cdiscount.com/telephonie/telephone-mobile/huawei-p30-lite-4go-128go-noir/f-1440402-hua6901443292097.html#mpos=0|mp,https://www.cdiscount.com/informatique/ordinateurs-pc-portables/pc-portable-hp-17-cn3013nf-windows-11-17-3-hd/f-1070992-hp17cn3013nf.html#mpos=0|cd,https://www.cdiscount.com/informatique/ecrans-informatiques/moniteur-grand-ecran-medion-akoya-p52424-md-20/f-10732-med4061275220421.html#mpos=0|cd,https://www.cdiscount.com/informatique/ssd/crucial-disque-ssd-interne-bx500-500go-2-5/f-10703-ct500bx500ssd1.html#mpos=0|cd
https://www.cdiscount.com/telephonie/telephone-mobile/huawei-p30-lite-128-go-blanc/f-1440402-huaweip30lit128w.html?idOffre=3372823392#mpos=0|mp,https://www.cdiscount.com/informatique/ordinateurs-pc-portables/pc-portable-hp-15s-fq0024nf-windows-11-15-6/f-1070992-hp15sfq0024nf.html#mpos=0|cd,https://www.cdiscount.com/informatique/ecrans-informatiques/moniteur-aoc-27b3ha2-ips-1920-x-1080-1ms-a/f-10732-aoc1708045319461.html?idOffre=4013810559#mpos=0|mp,https://www.cdiscount.com/informatique/disques-durs/ssd-externe-lexar-sl600-512-go-usb-3-2-rap/f-1073602-lex0843367131600.html#mpos=0|cd
https://www.cdiscount.com/telephonie/telephone-mobile/samsung-galaxy-s22-256go-5g-lavande/f-1440402-sam8806094615227.html?idOffre=4193513193#mpos=0|mp,https://www.cdiscount.com/informatique/ordinateurs-pc-portables/pc-portable-lenovo-ideapad-1-15igl7-windows-11/f-1070992-82lx009rfr.html#mpos=0|cd,https://www.cdiscount.com/informatique/ecrans-informatiques/cran-fujitsu-b24-9-we-24/f-10732-aaamj85339.html#mpos=0|mp,https://www.cdiscount.com/informatique/ssd/disque-dur-silicon-power-sp00p34a80m28-m-2-ssd-2-b/f-10703-auc4713436127147.html?idOffre=2089957707#mpos=0|mp
https://www.cdiscount.com/telephonie/telephone-mobile/redmi-note-13-pro-5g-noir-12go-512go-ecran-amoled/f-1440402-aaaai07899.html?idOffre=4096158439#mpos=0|mp&sw=fed24e7741a33bd86c6e782194ee29103a220073ae50e2305d957b43d0e5437f2f206851f9724777c17a69d3770be4242c90cd0d2188635dd5271394b660dab1929d182faaacce91578426a6f47e36717095a071cedc5b5b3800b73e6a0d6fbea5253378e88ce2fc267862a03b38e59c7711477b6044d862846d9b6583c7d1c0,https://www.cdiscount.com/informatique/ordinateurs-pc-portables/pc-portable-15-6-pouces-16-go-ddr4-256-go-ssd-w/f-1070992-ouz1729232323301.html?idOffre=4193343880#mpos=0|mp&sw=9d945c9aae30b0f688d82ee2684156cee4bc72baab1909462a2093135adb623cd970f68d4c0f8fa188f2d5a4f5abf2b66e9ad1e13ffc92cb95caf654ec732e7843defa5109e2dd361a92c495ba7911d69fe981a62ecb0425e63265525f88442db236b66efa081468ca34b6299facda09b910b07423125867d51ede0a0717976c,https://www.cdiscount.com/informatique/ecrans-informatiques/moniteur-de-jeu-titan-army/f-10732-aaakg84346.html?idOffre=4100661335#mpos=0|mp&sw=4f889283a346804ec77943d5c5165e7e95063cfc3402c37ec5a8d794a2fbb41b745ac2a62e9f1f6b83541fbd9e94448b2b4fc1c7338e5da97ba4af38b3d2fcc3fc6f159556182018aefef21b4f74a4affef3c99859dc995b2b614c64c04283f6b93576001eb12d6524f32e9b9983548db9d6f04f3789fdad7fa250029b4bc5d4,https://www.cdiscount.com/informatique/disques-durs/toshiba-disque-dur-externe-canvio-basics-1-t/f-1073602-tos4260557512340.html?idOffre=4157109491#mpos=0|mp&sw=33d5e75610a70ea2f2085f7761e2c9b55eccccf5c09ef6654c0c5fd1adcb6780c428d037c02ecd026c34210878cbb2b68c7ff8823ddd2636e42e4db4ab242737a921f9bc2d16ea81bb6278edf95ae0a77f11caf51a3e7b8e50184a520cf4353ae6d1ee60e33c9e154ff47d15e42787be5bf1d37e88a25004068b6b066852bd85
https://www.cdiscount.com/telephonie/telephone-mobile/smartphone-xiaomi-redmi-note-13-pro-5g-256go-bleu/f-1440402-rn13pro5g256b.html?idOffre=4116125033#mpos=0|mp&sw=fed24e7741a33bd86c6e782194ee29103a220073ae50e2305d957b43d0e5437f2f206851f9724777c17a69d3770be4246a0b54a2ac0415e04577e9f1a308006db2b2f6da1d786bcebf5f762c72cadfcb6b06f368d6b884f830074638b062220305703441e2fca2156d31e1487ed5cc098e7884e4b125033d102db45853615fb1,https://www.cdiscount.com/informatique/ordinateurs-pc-portables/notodd-pc-portable-16-/f-1070992-aaaik90915.html?idOffre=3983118979#mpos=0|mp&sw=9d945c9aae30b0f688d82ee2684156cee4bc72baab1909462a2093135adb623cb9f33cda3afdae3bcb74f4338610578e25676d1d0ceb8d99b358fe6e363622409546293cb7fbea97a3995d52aa273bbcab865cedd265beaba29817082199b8d1c7f54d61c8e96f8c5365364026432cedd8d9370bb8874c188e4e9d5756631c1c,https://www.cdiscount.com/informatique/ecrans-informatiques/ecran-gamer-asus-tuf-vg249q1r-23-8-ips-ful/f-10732-auc4718017734714.html?idOffre=3274982616#mpos=0|mp&sw=4f889283a346804ec77943d5c5165e7e1d5d341c27c3c65b3095cc0c1fa8b06d0417292b28969b982ea6d3bad9f27c6cffdc281a268c5938363a29bc77d5dd127b44d9ff520da3e227c20c1c41cb2a26274a029ab6bfd1759930fb3c8c60b91448b8e744223608c50db013223295384444a14b7b17559146308cb2da044b5f32,https://www.cdiscount.com/informatique/disques-durs-internes/seagate-mobile-hdd-barracuda-4to-2-5-st4000lm/f-10768-st4000lm024.html?idOffre=2997563378#mpos=0|mp&sw=33d5e75610a70ea2f2085f7761e2c9b5d7205e8e23bb4e7bb6fea87e4e245c2ea8dea2134ed72fd88a74a20b1808ec4dfd7f0eb2ff75b1480d7e0d6b37dad6196b176ce8e865080a6c4d69bf8640c716eff0d8098e06c05a5afc1f2fd280bb9f4e4cf1d764e99de2a1a4e98e8d4a369224a16f0dfcc38efbba18451a33228c7a
https://www.cdiscount.com/telephonie/telephone-mobile/redmi-note-13-pro-5g-violet-12-go-512-go/f-1440402-aaaai07916.html?idOffre=4096158444#mpos=0|mp&sw=fed24e7741a33bd86c6e782194ee29103a220073ae50e2305d957b43d0e5437f2f206851f9724777c17a69d3770be424905396b9c4a64836f47efa5860c1eb3b7346b0d2a7d5e0372c070cd7c8ac6f5f14bb3ac22fc8253ae1be460d8637d911b2bd30e614221ab457fae8c9a4f8d04dc8fc9936a50829981ced35ec47b3d689,https://www.cdiscount.com/informatique/ordinateurs-pc-portables/pc-portable-16-pouces-windows/f-1070992-aaalk17478.html?idOffre=4136263986#mpos=0|mp&sw=9d945c9aae30b0f688d82ee2684156cee4bc72baab1909462a2093135adb623c65ee80a2fc92eeaa2bb711554726daffff897bb29849189a506c98fd1e4442485563989ee0f77ab491b283ba01ed0a27491dafbe7893765df653b82960790bc71e29d488e1f2702a656e91e7c0d11aef67d99320447fb1e1b8c1d1bef3abd625,https://www.cdiscount.com/informatique/ecrans-informatiques/ecran-pc-gamer-incurve-samsung-odyssey-g95sc-s/f-10732-sam1689215287363.html?idOffre=2853748757#mpos=0|mp&sw=4f889283a346804ec77943d5c5165e7e48465f00672002fa15b04a7bfd357b410f45d4307774073a7a2e28afeabaecf82a10c219bc80e770bab4ef46cd62ada45876fb7c019e85677f94a21054e9198ed5eb547641ccffbe1c343d029b4ff64e2fc9f34350b5915f6725d4b89682b127bc70b7aeba8a8e4432cc90699fd1506e,https://www.cdiscount.com/informatique/ssd/crucial-disque-ssd-interne-bx500-2to-2-5/f-10703-cru0649528821584.html?idOffre=3117173893#mpos=0|mp&sw=33d5e75610a70ea2f2085f7761e2c9b5d7205e8e23bb4e7bb6fea87e4e245c2ea8dea2134ed72fd88a74a20b1808ec4d9a0bcaa29a9205c263557352a60f4f47bd31cf8784e581bc8c6a830e9ad6abff0d7943e94ec7a75cc8c21b15a780f73e2803f257e94c56c5fca0582a6a161732a6021b157de79ee1c4e64c4b02a23552
https://www.cdiscount.com/telephonie/telephone-mobile/xiaomi-redmi-note-13-5g-6go-128go-noir-graphite-b/f-1440402-xia1706130396706.html?idOffre=4191359693#mpos=0|mp,https://www.cdiscount.com/informatique/ordinateurs-pc-portables/pc-portable-lenovo-ideapad-3-15ijl6-chrome-os/f-1070992-82n4004gfr.html#mpos=0|cd,https://www.cdiscount.com/informatique/ecrans-informatiques/ktc-h32s17-moniteur-de-jeu-de-32-pouces-2560x1440/f-10732-ktc6921958686143.html#mpos=0|mp,https://www.cdiscount.com/informatique/disques-durs/ssd-externe-hiksemi-t100-512go-usb-c-450/f-1073610-hik1711582014129.html#mpos=0|cd
https://www.cdiscount.com/telephonie/telephone-mobile/samsung-galaxy-s24-smartphone-256-go-creme/f-1440402-sam8806095299617.html?idOffre=3405522206#mpos=0|mp,https://www.cdiscount.com/informatique/ordinateurs-pc-portables/pc-portable-asus-vivobook-15-r1504-sans-windows/f-1070992-r1504zanj602.html#mpos=0|cd,https://www.cdiscount.com/informatique/ecrans-informatiques/uperfect-17-3-1080p-moniteur-portable-deuxieme-ec/f-10732-upe6975339680053.html?idOffre=3699012820#mpos=0|mp,https://www.cdiscount.com/informatique/ssd/ssd-interne-samsung-990-evo-plus-1-to-nvme-m/f-10703-sam8806095575674.html#mpos=0|cd
https://www.cdiscount.com/telephonie/telephone-mobile/samsung-galaxy-s23-fe-smartphone-256-go-5g/f-1440402-sam8806095137377.html?idOffre=3272514531#mpos=0|mp,https://www.cdiscount.com/informatique/ordinateurs-pc-portables/notodd-pc-portable-16-stockage-12go-512go-cel/f-1070992-aaaik90916.html#mpos=0|mp,https://www.cdiscount.com/informatique/ecrans-informatiques/ecran-pc-incurve-samsung-s24c366eau-24-fhd/f-10732-sam8806094769289.html#mpos=0|cd,https://www.cdiscount.com/informatique/ssd/samsung-ssd-interne-870-evo-1-to-mz-77e1t0b-eu/f-10703-mz77e1t0beu.html#mpos=0|cd
https://www.cdiscount.com/telephonie/telephone-mobile/xiaomi-redmi-note-14-4g-8-go-256-go-midnig/f-1440402-xiaomi144g256mid.html?idOffre=4196156826#mpos=0|mp,https://www.cdiscount.com/informatique/ordinateurs-pc-portables/pc-portable-acer-aspire-3-a315-44p-r1nv-15-6-fh/f-1070992-ace1706229175814.html#mpos=0|cd,https://www.cdiscount.com/informatique/ecrans-informatiques/schneider-sc24m1f-moniteur-portable-23-8-po/f-10732-sch3527570076657.html#mpos=0|mp,https://www.cdiscount.com/informatique/disques-durs/disque-dur-ssd-externe-intenso-premimum-512g/f-1073610-int4034303025428.html?idOffre=752456275#mpos=0|mp
https://www.cdiscount.com/telephonie/telephone-mobile/xiaomi-poco-x6-5g-512go-noir/f-1440402-pocox65g512n.html?idOffre=3540549789#mpos=0|mp,https://www.cdiscount.com/informatique/ordinateurs-pc-portables/apple-13-6-macbook-air-m2-ram-16go-stockag/f-1070992-mc7w4fna.html#mpos=0|cd,https://www.cdiscount.com/informatique/ecrans-informatiques/moniteur-ecran-xiaomi-a24i/f-10732-aaahp38589.html?idOffre=4194786093#mpos=0|mp,https://www.cdiscount.com/informatique/ssd/disque-dur-ssd-externe-intenso-premimum-1-to/f-10703-int4034303028771.html#mpos=0|cd
https://www.cdiscount.com/telephonie/telephone-mobile/samsung-galaxy-z-flip4-256go-5g-lavande/f-1440402-sam8806094537901.html?idOffre=3830751325#mpos=0|mp,https://www.cdiscount.com/informatique/ordinateurs-pc-portables/notodd-pc-portable-16-/f-1070992-aaaik90915.html#mpos=0|mp,https://www.cdiscount.com/informatique/ecrans-informatiques/ecran-pc-aoc-24b2xh-23-8-fhd-dalle-ips-75/f-10732-aoc4038986147170.html#mpos=0|cd,https://www.cdiscount.com/informatique/disques-durs/disque-dur-externe-seagate-expansion-portable/f-1073602-stkp14000400.html?idOffre=4195574800#mpos=0|mp
https://www.cdiscount.com/telephonie/telephone-mobile/samsung-galaxy-s20-128-go-5g-rose/f-1440402-samgalaxs205gr.html?idOffre=4194844831#mpos=0|mp,https://www.cdiscount.com/informatique/ordinateurs-pc-portables/pc-portable-lenovo-ideapad-3-17iau7-sans-windows/f-1070992-82rl00d2fr.html#mpos=0|cd,https://www.cdiscount.com/informatique/ecrans-informatiques/moniteur-portable-17-3-screen-1920-1080-hdr-lcd/f-10732-upe1690448293126.html?idOffre=2777814732#mpos=0|mp,https://www.cdiscount.com/informatique/ssd/pny-cs900-sata-disque-ssd-2-5-250gb/f-10703-pny0751492629940.html#mpos=0|cd
https://www.cdiscount.com/telephonie/telephone-mobile/samsung-galaxy-z-flip3-128go-vert/f-1440402-samgalzflip3v128.html?idOffre=4184523163#mpos=0|mp&sw=fed24e7741a33bd86c6e782194ee291064bfaffbeff4aa76d0cd18a841e24c12642f1f046731c8b7bcc83122f0efbd70e6fb6534867c20fcef11bea051832f7a58d945929eba883fd10eac9cbddf97919c80315ced9e20a54c94dbd46c4317fc495bd8011cb371eab48768cb7f5003d91c8ceeab72beb7e23fdd125369994c2e,https://www.cdiscount.com/informatique/ordinateurs-pc-portables/notodd-pc-portable-16-stockage-12go-512go-int/f-1070992-aoc1698652488781.html?idOffre=2972509000#mpos=0|mp&sw=9d945c9aae30b0f688d82ee2684156cee4bc72baab1909462a2093135adb623ccfdc733e3deb819ba7f8919d7df51384957f48656e9657941f4545302571c0ff8b65a9f74fff091aef2694a26251c5ca2e9076dd9c40e9fde83a8c03f45d6d8a098cdc6cb2969e038e78e463bc3e71b7ad33d84e74ffd9fe5c10a2d0fd2c2087,https://www.cdiscount.com/informatique/ecrans-informatiques/ecran-pc-gamer-msi-g273cq-27-dalle-va-q/f-10732-msi1701162268086.html?idOffre=4192454260#mpos=0|mp&sw=4f889283a346804ec77943d5c5165e7e9e422b247856d7e48eee41c4b2485c6d2063ed4b2484d86b23cb4ab5b511d8e8e3f21de81a344b642227261bcde278e8b58af817aea6ac9733612cc1d8957ef4bbd2708b864ffb331274f1aaeb6ba9a44c090ac14a0d27e0df7fbe36544e6642396af974d6c09dac6be315142cffe2c2,https://www.cdiscount.com/informatique/ssd/disque-dur-ssd-crucial-p3-plus-2-to-pcie-4-0-nvme/f-10703-ct2000p3pssd8.html?idOffre=3023683781#mpos=0|mp&sw=33d5e75610a70ea2f2085f7761e2c9b5d7205e8e23bb4e7bb6fea87e4e245c2ea8dea2134ed72fd88a74a20b1808ec4d941a3219ad18dd28d46a525ba6a5ccdac6e847a9ea787f92600d578d81eba7f5b627cff4c5e7eecdcf5e7e97bf2a0a528df1bbfa714e38d10597a4e147004acd6a6949797e2db067b44dbf35e14b3741
https://www.cdiscount.com/telephonie/telephone-mobile/huawei-p30-lite-128go-bleu-reconditionne-etat/f-1440402-hua3344666682062.html?idOffre=3324832236#mpos=0|mp&sw=fed24e7741a33bd86c6e782194ee291006dee146678c60e83ae9347949c4b770f64d5f9573a45442b144d0ff0f010e4f68f4153905d43341d5c1588e378f808cb79e1000d3ec0b14ed0b633a6bf99f14afe5c0468d23fac1799a2e6503f4bda06f3e32e916312964018e4c1a72a3e60f8b22be6bba5828794cce93e788d08e2d,https://www.cdiscount.com/informatique/ordinateurs-pc-portables/notodd-ordinateur-portable/f-1070992-aaaik87907.html?idOffre=3983119772#mpos=0|mp&sw=9d945c9aae30b0f688d82ee2684156cee4bc72baab1909462a2093135adb623c663c46c94d3a6c693bf2133c88bc0366d105e162642f5a7cb6afada5e5fe33901d7935517285f5f46d6e7a9d4794826be21c27c020b442927cf89d98a1773b99c53c9ac0e4fd8521ee224c58b1f3a4ee7b5924a1334e6a3eee71a3813c0cf3ef,https://www.cdiscount.com/informatique/ecrans-informatiques/uperfect-ecran-portable-16-pouces-moniteur-portab/f-10732-upe6975339681234.html#mpos=0|mp,https://www.cdiscount.com/informatique/disques-durs/disque-dur-externe-toshiba-canvio-basics-4-t/f-1073602-tos4260557512364.html?idOffre=4194997448#mpos=0|mp&sw=33d5e75610a70ea2f2085f7761e2c9b585d1e9ca4c63e0f1b882e705f449f3fa03fc6aa3a1f0cc9daaddb317a3959a6c37383b74f0b2e4486eece3d56b0a33d4bc424817503287d48088b7ed516169cdf3f488d00a3805b9c0656fdf427bbfa0248a4aa1520801194bb43f40f64848f1e36a778a60cd2b1fda768ed75cb15159
https://www.cdiscount.com/telephonie/telephone-mobile/smartphone-xiaomi-redmi-note-13-pro-5g-8go-256-go/f-1440402-xia1702301680275.html?idOffre=4193452852#mpos=0|mp,https://www.cdiscount.com/informatique/ordinateurs-pc-portables/ordinateur-portable-hp-elitebook-840-g5-avec-ecran/f-1070992-hp1720488639520.html?idOffre=3901895738#mpos=0|mp,https://www.cdiscount.com/informatique/ecrans-informatiques/moniteur-xiaomi-a27i-ela5345eu/f-10732-aaaah35375.html?idOffre=3980612674#mpos=0|mp,https://www.cdiscount.com/informatique/ssd/disque-ssd-interne-samsung-870-qvo-1to-2-5/f-10703-bun870qvo1to.html#mpos=0|cd
https://www.cdiscount.com/telephonie/telephone-mobile/smartphone-oukitel-c31-pro-4go-64go-ecran-6-52/f-1440402-ouk9331615051578.html?idOffre=4100483724#mpos=0|mp,https://www.cdiscount.com/informatique/ordinateurs-pc-portables/notodd-pc-portable-16-stockage-12go-512go-int/f-1070992-aoc1698652488781.html#mpos=0|mp,https://www.cdiscount.com/informatique/ecrans-informatiques/ecran-pc-gaming-medion-md20127-27-fhd-dal/f-10732-med4061275233421.html#mpos=0|cd,https://www.cdiscount.com/informatique/disques-durs/toshiba-disque-dur-canvio-basics-2-5-1to-noir/f-1073602-tos5054484652229.html#mpos=0|mp
https://www.cdiscount.com/telephonie/telephone-mobile/samsung-galaxy-a10-noir/f-1440402-samgalaxya10nn.html?idOffre=4192310426#mpos=0|mp,https://www.cdiscount.com/informatique/ordinateurs-pc-portables/pc-portable-lenovo-ideapad-3-17iau7-sans-windows/f-1070992-82rl00d0fr.html#mpos=0|cd,https://www.cdiscount.com/informatique/ecrans-informatiques/ecran-pc-gamer-incurve-msi-g24c4-e2-24-fhd/f-10732-msi1701162089279.html#mpos=0|cd,https://www.cdiscount.com/informatique/disques-durs/disque-dur-externe-toshiba-canvio-basics-4-t/f-1073602-tos4260557512364.html#mpos=0|cd
https://www.cdiscount.com/telephonie/telephone-mobile/xiaomi-redmi-13c-128go-noir-minuit/f-1440402-xia1699956278284.html?idOffre=3739243254#mpos=0|mp,https://www.cdiscount.com/informatique/ordinateurs-pc-portables/pc-portable-lenovo-ideapad-1-15alc7-windows-11/f-1070992-82r400r7fr.html#mpos=0|cd,https://www.cdiscount.com/informatique/ecrans-informatiques/ecran-pc-samsung-odyssey-g55c-32-165hz/f-10732-sam1707620543829.html#mpos=0|cd,https://www.cdiscount.com/informatique/disques-durs-internes/disque-dur-interne-synology-hat3300-6t-6-to-sa/f-10768-syn1686905079647.html#mpos=0|cd
https://www.cdiscount.com/telephonie/telephone-mobile/samsung-galaxy-s21-plus-128go-noir/f-1440402-samgalaxs21p128n.html?idOffre=4194666766#mpos=0|mp,https://www.cdiscount.com/informatique/ordinateurs-pc-portables/notodd-pc-portable-14-stockage-8-256-go-proce/f-1070992-aoc1689587505755.html#mpos=0|mp,https://www.cdiscount.com/informatique/ecrans-informatiques/ecran-pc-medion-akoya-p52218-md-20150-54-6-c/f-10732-med1720056956711.html#mpos=0|cd,https://www.cdiscount.com/informatique/ssd/disque-dur-interne-ssd-m2-nvme-1-tb-pcie/f-10703-pny0751492756271.html#mpos=0|cd
https://www.cdiscount.com/telephonie/telephone-mobile/blackview-a52-pro-smartphone-128-go-6-52-518/f-1440402-bla6221300227582.html#mpos=0|mp,https://www.cdiscount.com/informatique/ordinateurs-pc-portables/pc-portable-gamer-hp-victus-16-s1034nf-sans-wind/f-1070992-hp16s1034nf.html#mpos=0|cd,https://www.cdiscount.com/informatique/ecrans-informatiques/ecran-pc-gamer-aoc-c32g2ze-bk-31-5-va-incur/f-10732-aoc4038986117395.html?idOffre=4192433855#mpos=0|mp,https://www.cdiscount.com/informatique/disques-durs/disque-dur-externe-inn-r-hdd-type-c-usb2-0-compac/f-1073602-aaabw06965.html#mpos=0|mp
https://www.cdiscount.com/telephonie/telephone-mobile/samsung-galaxy-s20fe-128go-5g-bleu/f-1440402-samgalas20fe5gbl.html?idOffre=4193360501#mpos=0|mp,https://www.cdiscount.com/informatique/ordinateurs-pc-portables/pc-portable-lenovo-ideapad-3-17alc6-windows-11/f-1070992-82kv00kxfr.html#mpos=0|cd,https://www.cdiscount.com/informatique/ecrans-informatiques/ecran-pc-aoc-u32g3x-32-uhd-4k-dalle-ips/f-10732-aoc1705489581378.html#mpos=0|cd,https://www.cdiscount.com/informatique/disques-durs/seagate-disque-dur-externe-one-touch-hdd-1to/f-1073602-sea3660619409716.html?idOffre=3938624842#mpos=0|mp
https://www.cdiscount.com/telephonie/telephone-mobile/smartphone-xiaomi-redmi-13c-256go-noir/f-1440402-xia6941812757383.html?idOffre=4184933196#mpos=0|mp,https://www.cdiscount.com/informatique/ordinateurs-pc-portables/pc-portable-hp-15s-eq2120nf-windows-11-15-6-f/f-1070992-hp15seq2120nf.html#mpos=0|cd,https://www.cdiscount.com/informatique/ecrans-informatiques/ecran-pc-samsung-odyssey-g55c-32-165hz/f-10732-sam1707620543829.html?idOffre=3477069441#mpos=0|mp&sw=4f889283a346804ec77943d5c5165e7e1d5d341c27c3c65b3095cc0c1fa8b06d0417292b28969b982ea6d3bad9f27c6cdc803ccfcc26d87a9d1834c4ae2e9adebd424f821e4c789098fbdf80ddf0b316f4a2fdf54677c82c6f831ef67e46090bf6802d5e5db031446dcb4e2a36190e20b2b3b6500043f1735fd22d2187a632b1,https://www.cdiscount.com/informatique/disques-durs-internes/seagate-barracuda-8tb-8000gb-serial-ata-iii-intern/f-10768-auc0763649094419.html?idOffre=2853748775#mpos=0|mp
https://www.cdiscount.com/telephonie/telephone-mobile/google-pixel-7-128-go-blanc/f-1440402-googlpixl7128wht.html?idOffre=4187235645#mpos=0|mp&sw=fed24e7741a33bd86c6e782194ee291026de1fdd3946ea0604186b4d8312347657363d5aead7e477a174d7504fa2548989409b21e7a40858146fd7256438a2a9f78605b2c6fc6d6f83e631488470fac9fda962a14e7fabf13413eb245afe1baae660fee3f0c8da3f75b8f7034ad460fb99f2d0ba50dacde7339e92d401f25c81,https://www.cdiscount.com/informatique/ordinateurs-pc-portables/ordinateur-portable---win11-/f-1070992-aaaik39840.html?idOffre=3979718545#mpos=0|mp&sw=9d945c9aae30b0f688d82ee2684156cee4bc72baab1909462a2093135adb623ca63b109b2d8c4ef3cda7ab4ff6cb7b342ec75d4d99b13ff98d969602c3a1a9e605ad4e3a97f402bfcc64a1158715b034b57ad641fc7fd5ba87e94edd2e2df42ab46b0a51b700cd473032c503f8c138eee76bf285deff55dc2e195613cbdfd1ac,https://www.cdiscount.com/informatique/ecrans-informatiques/uperfect-ecran-portable-16-pouces-moniteur-portab/f-10732-upe6975339681234.html?idOffre=2485893993#mpos=0|mp&sw=4f889283a346804ec77943d5c5165e7e4e3e3054f76dc75ae12942b096c7d79042bfb22c99aec89f7edd846253a78159b00d88afd88726f5b3a39ae5457d396b4a35298191c1ab13948f78b32407268f5a2149e0f87c3c78f88aabbd40773f2fa25116072719ea238c4b2a300d52fd9a4931886b96e624646a85e32a90f1d758,https://www.cdiscount.com/informatique/ssd/samsung-ssd-interne-980-pro-2to-m-2-nvme/f-10703-mzv8p2t0bw.html?idOffre=2998944577#mpos=0|mp&sw=33d5e75610a70ea2f2085f7761e2c9b5d7205e8e23bb4e7bb6fea87e4e245c2ea8dea2134ed72fd88a74a20b1808ec4d104db5ad147b2cf61c53aace239ef57b2b70bcf5d61b0069461c2550fa9bba66a874f5384ed5b9436d99a671ac79c3f9ae1127b4c96b6e7e02f0106da1c2bec498dec32caebb35d5abe877709f10d335
https://www.cdiscount.com/telephonie/telephone-mobile/samsung-galaxy-a52s-128go-5g-noir/f-1440402-samgalaxya52sn.html?idOffre=4066009601#mpos=0|mp&sw=fed24e7741a33bd86c6e782194ee2910de6c6745a2caa964a4497f133643933b5a25fcd5327dfa3a9b637e44de56cd41be794064bf1afe86733e1f4b24c2d9c904415c6c04592466056119d6505ccf14243d5860d25f218e41d586df97d0d0cadf6d5597ff1d129a41af6ae01d9a466aa5f8033eef21869d2cc97b66ae1a8f7c,https://www.cdiscount.com/informatique/ordinateurs-pc-portables/ordinateur-portable-conception-de-charniere-a-18/f-1070992-asu1708476820013.html?idOffre=4192453284#mpos=0|mp&sw=9d945c9aae30b0f688d82ee2684156cee4bc72baab1909462a2093135adb623c425af59f248a6079dfd0d0433373cf9198431c53e011edb0589a44578b36fddc575a8afb501950984a614012cc76258e6614138fee90b9981b11f4fef3635c4cabd45b5499ba2ca8ed69b649e22fc7e933cf7cc69e1787044ac0007c86bae234,https://www.cdiscount.com/informatique/ecrans-informatiques/ecran-pc-samsung-odyssey-g3-g30d-32-fhd-d/f-10732-sam1723251105149.html#mpos=0|cd,https://www.cdiscount.com/informatique/disques-durs-internes/seagate-barracuda-8tb-8000gb-serial-ata-iii-intern/f-10768-auc0763649094419.html?idOffre=2853748775#mpos=0|mp&sw=33d5e75610a70ea2f2085f7761e2c9b5cb384198c851f85629dad01184984ef1adb43d274d8152a985a23e219591a4c82e98e28648a893c95399551fe8b733afc56dce8793da7c7c4959246038d3c96634b0f69750253b9c95c2654f2fe89afb8310554520cf9ebb1973a2ed112572f4dd4bf8720cb94f0b1528f2014eed877d
https://www.cdiscount.com/telephonie/telephone-mobile/honor-x6b-128go-4g-noir/f-1440402-hon1718272578855.html?idOffre=3798689364#mpos=0|mp,https://www.cdiscount.com/informatique/ordinateurs-pc-portables/pc-portable-lenovo-ideapad-1-15igl7-15-6-fhd/f-1070992-len1724801455325.html#mpos=0|cd,https://www.cdiscount.com/informatique/ecrans-informatiques/ecran-pc-gamer-asus-tuf-vg27aq1a-27-ips-wqh/f-10732-auc4718017784047.html?idOffre=3458573421#mpos=0|mp,https://www.cdiscount.com/informatique/disques-durs/disque-dur-externe-inn-r-4tb-type-c-usb3-0-hdd-po/f-1073602-aaaev21525.html#mpos=0|mp
https://www.cdiscount.com/telephonie/telephone-mobile/smartphone-huawei-p20-lite-64-go-rose-double-sim/f-1440402-huaweip20pink.html#mpos=0|mp,https://www.cdiscount.com/informatique/ordinateurs-pc-portables/pc-portable-chromebook-lenovo-ideapad-slim-3-14m86/f-1070992-82xj0047fr.html#mpos=0|cd,https://www.cdiscount.com/informatique/ecrans-informatiques/ecran-pc-gamer-asus-tuf-vg328h1b-31-5-va-incu/f-10732-asu4718017625999.html#mpos=0|cd,https://www.cdiscount.com/informatique/disques-durs/disque-dur-externe-ssd-1-to-interne-type-c-usb-3/f-1073602-ls3700606488444.html?idOffre=3316599614#mpos=0|mp
https://www.cdiscount.com/telephonie/telephone-mobile/smartphone-4g-marque-modele-6-3-plein-hd/f-1440402-tee1909072616531.html#mpos=0|mp,https://www.cdiscount.com/informatique/ordinateurs-pc-portables/pc-portable-asus-vivobook-16-s1605-win-11-16/f-1070992-s1605pamb130w.html#mpos=0|cd,https://www.cdiscount.com/informatique/ecrans-informatiques/ecran-pc-bureautique-27-4k-uhd-usb-c-cha/f-10732-jap1712236657053.html#mpos=0|mp,https://www.cdiscount.com/informatique/disques-durs/disque-dur-externe-portable-intenso-hdd-3-2/f-1073602-int4034303030514.html#mpos=0|cd
https://www.cdiscount.com/telephonie/telephone-mobile/huawei-p30-lite-128-go-bleu/f-1440402-huaweip30lit128b.html?idOffre=3372823166#mpos=0|mp,https://www.cdiscount.com/informatique/ordinateurs-pc-portables/pc-portable-gamer-lenovo-legion-s5-16arp9-sans-w/f-1070992-83ex002vfr.html#mpos=0|cd,https://www.cdiscount.com/informatique/ecrans-informatiques/chiq-27f650r-cran/f-10732-aaabh55483.html#mpos=0|mp,https://www.cdiscount.com/informatique/disques-durs/disques-durs-externes-inn-r-5-8x7-5cm-disque-dur/f-1073602-aaabw06146.html#mpos=0|mp
https://www.cdiscount.com/telephonie/telephone-mobile/xiaomi-smartphone-redmi-a3-4-128-vert/f-1440402-xia1707782147979.html?idOffre=3911059323#mpos=0|mp,https://www.cdiscount.com/informatique/ordinateurs-pc-portables/pc-portable-gamer-hp-victus-15-fb0202nf-sans-win/f-1070992-hp15fb0202nf.html#mpos=0|cd,https://www.cdiscount.com/informatique/ecrans-informatiques/ecran-pc-gamer-asus-tuf-vg249q1a-23-8-ips-fhd/f-10732-asu4718017921978.html?idOffre=1798677233#mpos=0|mp,https://www.cdiscount.com/informatique/disques-durs/disque-dur-externe-2-5-1-to-verbatim-argent-usb-3/f-1073602-auc0023942531975.html?idOffre=714762588#mpos=0|mp
https://www.cdiscount.com/telephonie/telephone-mobile/huawei-p30-pro-128-go-noir/f-1440402-huaweip30pro128b.html?idOffre=3515163891#mpos=0|mp,https://www.cdiscount.com/informatique/ordinateurs-pc-portables/pc-portable-bvate-14-fhd-ram-6go-256go-memoire/f-1070992-aaaik39846.html#mpos=0|mp,https://www.cdiscount.com/informatique/ecrans-informatiques/moniteur-lcd-hp-la2205wg-22-pouces/f-10732-hp3770006984679.html?idOffre=2264502402#mpos=0|mp,https://www.cdiscount.com/informatique/disques-durs/wd-disque-dur-externe-wd-elements-2to-usb/f-1073602-wes0718037855363.html?idOffre=2033549296#mpos=0|mp
https://www.cdiscount.com/telephonie/telephone-mobile/samsung-galaxy-a13-64go-5g-noir/f-1440402-samsungala13blck.html?idOffre=4180740107#mpos=0|mp,https://www.cdiscount.com/informatique/ordinateurs-pc-portables/pc-portable-15-6-pouces-ordinateur-portable-windo/f-1070992-aaalj49449.html#mpos=0|mp,https://www.cdiscount.com/informatique/ecrans-informatiques/hp-elitedisplay-e243d-60-5-cm-23-8-1920-x-108/f-10732-hp0190781822288.html#mpos=0|mp,https://www.cdiscount.com/informatique/ssd/pny-cs900-sata-disque-ssd-2-5-500gb/f-10703-pny0751492629957.html#mpos=0|cd
https://www.cdiscount.com/telephonie/telephone-mobile/xiaomi-redmi-6-32-go-or-reconditionne-comme-ne/f-1440402-rcdbycds743cn.html?idOffre=3305669304#mpos=0|mp,https://www.cdiscount.com/informatique/ordinateurs-pc-portables/pc-portable-gamer-asus-tuf-gaming-a15-sans-windo/f-1070992-tuf506ncrhn006.html#mpos=0|cd,https://www.cdiscount.com/informatique/ecrans-informatiques/ecran-pc-gamer-incurve-iiyama-g-master-red-eagle/f-10732-iiy4948570118861.html?idOffre=1942258514#mpos=0|mp&sw=4f889283a346804ec77943d5c5165e7ecdd7193e5053945c4fa59ea53e9344a0a19eba161eb00fc46b0e25ede4658c2d1bbd3d8d109020358c90d59ddb458edb21b2618b169e3c9e6b2cc718c375c0fefc570bec60e4d94874292451086961151aef1f518ca90eb819f01300941a173f665265eab359c7e08570bc3dbc09e179,https://www.cdiscount.com/informatique/ssd/disque-dur-ssd-crucial-p3-plus-2-to-pcie-4-0-nvme/f-10703-ct2000p3pssd8.html?idOffre=3874420930#mpos=0|mp
https://www.cdiscount.com/telephonie/telephone-mobile/samsung-galaxy-a53-128go-5g-noir/f-1440402-sam8806094095401.html?idOffre=3865303085#mpos=0|mp&sw=fed24e7741a33bd86c6e782194ee291040d21b5a1803e0feea2e663da08a51e38555ce6054bcee3e5d7fc18eac0e1d50c5ea366a7a68838f674a0994408ace8e0256eca4afec1d6f57197b071258e0e12520623b36b25df44f9bace9c679cac7e1ca8746b1552900a5e2183787791c0d657d8fa819afdcceae5bb115a824c387,https://www.cdiscount.com/informatique/ordinateurs-pc-portables/pc-portable-dell-7480---intel/f-1070992-aaaas59908.html?idOffre=4193893931#mpos=0|mp&sw=9d945c9aae30b0f688d82ee2684156cee4bc72baab1909462a2093135adb623cbd9af6ab6740fc264e328bf380ea5594da35891640e729c4c8489019c00af2e5ef59bfa5e5c10373081641e09f0d2cca59aa021cb3dd3eb2bb37cb4f933a4f104746a1dad3a9e3ab1e8e7eab3a1c06305351538f6ce486a8f2fb33c657b59de6,https://www.cdiscount.com/informatique/ecrans-informatiques/ecran-pc-samsung-viewfinity-s70d-32-uhd-4k/f-10732-sam1713920210097.html?idOffre=4184176764#mpos=0|mp&sw=4f889283a346804ec77943d5c5165e7e48465f00672002fa15b04a7bfd357b410f45d4307774073a7a2e28afeabaecf847a652dc1e88e4cb9a52e406ffb96c5844b87611b3766ca34b6c0d871161610778a1ebcd82b95d7fce2aecf411bcec9406c3322fff616fdecaf207fa3d0b3b2bcbd65be5de7d1f50b299920b73de3cac,https://www.cdiscount.com/informatique/disques-durs/seagate-ssd-1to-expansion-card-for-xbox-series-x-s/f-1073610-stjr1000400.html?idOffre=4188999544#mpos=0|mp&sw=33d5e75610a70ea2f2085f7761e2c9b52d7022f9f009c91167520dd4579343c9fe5306fe4091ff5a7be1b13cffa53206cca251959dd26b96b4a8128e75a92c199736ce4469f6affc26eb1f69b689be8e1f1ed86047d7be162a2ce03178c2c4e209b5c40b5048c793266ecd9f7881d2d2ef1e80aa4a87f5178800ac74a934b376
https://www.cdiscount.com/telephonie/telephone-mobile/doogee-s200-5g-smartphone/f-1440402-aaakc25453.html?idOffre=4078890704#mpos=0|mp&sw=fed24e7741a33bd86c6e782194ee2910fa923e861a0d2cef49349499268cd611a3b3548f1bda495c6fc4c425e869c0e5098f2bbfcb1ebed3e96073fd385c99ade5ac7d766ae4673015aa79f94f48602b03a4d0ec17f15b8ba87fb87e69a98cd057c3ff6114e681beb88d82a467788d34137fb5d8f73281c7c58e5bebf134efaa,https://www.cdiscount.com/informatique/ordinateurs-pc-portables/pc-portable-gamer-lenovo-legion-s5-16arp9-sans-w/f-1070992-83ex002vfr.html?idOffre=3985263757#mpos=0|cd&sw=9d945c9aae30b0f688d82ee2684156cee4bc72baab1909462a2093135adb623cf526840a6e4155bd06e7e078a1289fd431b39d086eeb3620894d3638e163bc84de0570a796d398dd5a7463fd681aab0524f215e977d49fd60633a2a84d01e3d0bf8763cf930bb0d1535c94b04aff09ed510eca32557ecce75cdb3278728907bf,https://www.cdiscount.com/informatique/ecrans-informatiques/ecran-msi-pro-mp243x-23-8-pouces-fhd-1920x/f-10732-msi1697795350549.html#mpos=0|cd,https://www.cdiscount.com/informatique/disques-durs/disque-dur-externe-seagate-expansion-desktop/f-1073602-stkp8000400.html?idOffre=4190235568#mpos=0|mp&sw=33d5e75610a70ea2f2085f7761e2c9b52d7022f9f009c91167520dd4579343c9fe5306fe4091ff5a7be1b13cffa53206602d33e2cfcd9988650e2373475fb800dbb4aa8524ae4b9a5d018585267ee6a13d65fbcc1253a6f1e52fb4499b456d1d1cc3adb6be675a2f343164cdec96ec24307317fe79199145b1bb6a5a9c6572dc
https://www.cdiscount.com/telephonie/telephone-mobile/xiaomi-redmi-note-13-pro-5g-256go-violet-aur/f-1440402-rn13pro5g256p.html?idOffre=4193649396#mpos=0|mp,https://www.cdiscount.com/informatique/ordinateurs-pc-portables/pc-portable-botrend-161-fhd/f-1070992-aaann37874.html#mpos=0|mp,https://www.cdiscount.com/informatique/ecrans-informatiques/ecran-lg-32mn500m-b-32-full-hd-ips-hdmi-noir/f-10732-lg8806098799794.html?idOffre=1743415398#mpos=0|mp,https://www.cdiscount.com/informatique/disques-durs/disque-dur-externe-inn-r-8tb-type-c-usb3-0-36-38/f-1073602-aaacg67991.html#mpos=0|mp
https://www.cdiscount.com/telephonie/telephone-mobile/apple-iphone-12-128go-noir-reconditionne-excel/f-1440402-rcdbycds046cn.html?idOffre=4190940698#mpos=0|mp,https://www.cdiscount.com/informatique/ordinateurs-pc-portables/pc-portable-lenovo-ideapad-1-15alc7-windows-11/f-1070992-len1693116771489.html#mpos=0|cd,https://www.cdiscount.com/informatique/ecrans-informatiques/ecran-pc-gamer-msi-g2712f-27-dalle-fast-i/f-10732-msi1708995351696.html#mpos=0|cd,https://www.cdiscount.com/informatique/ssd/kingspec-disque-ssd-interne-p3-series-2-to/f-10703-kin6950509900452.html#mpos=0|mp
https://www.cdiscount.com/telephonie/telephone-mobile/blackview-wave-6c-smartphone-4go-2-2-ram-32go/f-1440402-bla1699942496453.html#mpos=0|mp,https://www.cdiscount.com/informatique/ordinateurs-pc-portables/pc-portable-auusda-15-6-intel-alder-lake-n-95/f-1070992-auu1715240611772.html#mpos=0|mp,https://www.cdiscount.com/informatique/ecrans-informatiques/ecran-pc-gamer-msi-g27c4-e3-27-dalle-rapi/f-10732-msi1709776041980.html#mpos=0|mp,https://www.cdiscount.com/informatique/disques-durs-internes/disque-dur-interne-toshiba-p300-high-performance/f-10768-tos4260557512326.html?idOffre=2345255319#mpos=0|mp
https://www.cdiscount.com/telephonie/telephone-mobile/u5-smartphone-623-fhd-4go-/f-1440402-aaabi31306.html#mpos=0|mp,https://www.cdiscount.com/informatique/ordinateurs-pc-portables/pc-portable-161-intel/f-1070992-aaamt74078.html#mpos=0|mp,https://www.cdiscount.com/informatique/ecrans-informatiques/ecran-pc-incurv---lc-power--/f-10732-aaalw74857.html?idOffre=4167633231#mpos=0|mp,https://www.cdiscount.com/informatique/disques-durs/disque-dur-externe-desktop-seagate-expansion-p/f-1073602-stkp4000400.html#mpos=0|cd
https://www.cdiscount.com/telephonie/telephone-mobile/xiaomi-mi-11-lite-8go-256go-truffe-noir-5g-smartph/f-1440402-xia0699974685971.html#mpos=0|mp,https://www.cdiscount.com/informatique/ordinateurs-pc-portables/pc-portable-notebook-thomson-neo15-15-6-fhd/f-1070992-th15i3108gr256.html#mpos=0|cd,https://www.cdiscount.com/informatique/ecrans-informatiques/ecran-pc-samsung-odyssey-g3-g30d-27-fhd-d/f-10732-sam1715474046435.html#mpos=0|cd,https://www.cdiscount.com/informatique/ssd/inn-disque-dur-interne-4-to/f-10703-aaajj83679.html#mpos=0|mp
https://www.cdiscount.com/telephonie/telephone-mobile/samsung-galaxy-a15-smartphone-128go-bleu-nuit/f-1440402-aaaam22257.html?idOffre=4192662809#mpos=0|mp,https://www.cdiscount.com/informatique/ordinateurs-pc-portables/ordinateur-portable-16-ips-fhd-16-go-ram-512-go/f-1070992-xue1727331446169.html#mpos=0|mp,https://www.cdiscount.com/informatique/ecrans-informatiques/ecran-pc-aoc-q27g4xf-27-qhd-dalle-ips-1/f-10732-aoc4038986182485.html#mpos=0|cd,https://www.cdiscount.com/informatique/disques-durs/disque-dur-externe-toshiba-canvio-advance-1/f-1073602-auc4260557511268.html#mpos=0|cd
https://www.cdiscount.com/telephonie/telephone-mobile/samsung-galaxy-s22-128go-5g-blanc/f-1440402-sam8806092878518.html?idOffre=4158355991#mpos=0|mp,https://www.cdiscount.com/informatique/ordinateurs-pc-portables/pc-portable-hp-17-cn0019nf-17-3-hd-celeron-n/f-1070992-bun17cn0019nfso.html#mpos=0|cd,https://www.cdiscount.com/informatique/ecrans-informatiques/aoc-gaming-24g15n-moniteur-full-hd-24-pouces-180/f-10732-aoc1737633856954.html#mpos=0|mp,https://www.cdiscount.com/informatique/disques-durs-internes/seagate-disque-dur-interne-hdd-barracuda-2to/f-10768-sea0763649100165.html#mpos=0|cd
https://www.cdiscount.com/telephonie/telephone-mobile/smartphone-xiaomi-redmi-note-13-pro-5g-256go-bleu/f-1440402-rn13pro5g256b.html?idOffre=4116125033#mpos=0|mp,https://www.cdiscount.com/informatique/ordinateurs-pc-portables/pc-portable-lenovo-ideapad-3-14ian8-sans-windows/f-1070992-82xa003bfr.html#mpos=0|cd,https://www.cdiscount.com/informatique/ecrans-informatiques/myview-smart-monitor-27sr50f-w/f-10732-lg1716340818860.html?idOffre=3688626115#mpos=0|mp,https://www.cdiscount.com/informatique/disques-durs/wd-disque-dur-externe-wd-elements-5to-usb/f-1073602-wd0718037871899.html?idOffre=4195601211#mpos=0|mp
https://www.cdiscount.com/telephonie/telephone-mobile/xiaomi-redmi-note-10-pro-128go-4g-bronze-degrade/f-1440402-xia6934177734700.html?idOffre=4115650310#mpos=0|mp,https://www.cdiscount.com/informatique/ordinateurs-pc-portables/ordinateur-portable---win11-/f-1070992-aaaik39840.html#mpos=0|mp,https://www.cdiscount.com/informatique/ecrans-informatiques/aoc-gaming-27g2spae-ecran-27-fhd-ips-165-hz/f-10732-aoc4038986180566.html?idOffre=2460203181#mpos=0|mp&sw=4f889283a346804ec77943d5c5165e7ecdd7193e5053945c4fa59ea53e9344a0a19eba161eb00fc46b0e25ede4658c2d1bbd3d8d109020358c90d59ddb458edbcfdd784f4a472f232a2179a3505c91a7e691efb25ac05a547a2e702ed09b1dd6085f4019344ebc19ae3a7f37c5ed5ebd287c7cf2bc3398ce8a087519db7cd88e,https://www.cdiscount.com/informatique/disques-durs/disque-dur-externe-intenso-6031514-3-5-usb-3-0-6/f-1073602-int4034303025459.html?idOffre=4077973937#mpos=0|mp
https://www.cdiscount.com/telephonie/telephone-mobile/samsung-galaxy-a71-128go-noir/f-1440402-sam0789458355213.html?idOffre=4027958713#mpos=0|mp,https://www.cdiscount.com/informatique/ordinateurs-pc-portables/pc-portable-acer-chromebook-314-cb314-2h-k04f-14/f-1070992-bunnxawfef00d.html#mpos=0|cd,https://www.cdiscount.com/informatique/ecrans-informatiques/ecran-pc-gamer-asus-tuf-vg27aq1a-27-ips-wqh/f-10732-auc4718017784047.html?idOffre=3458573421#mpos=0|mp&sw=4f889283a346804ec77943d5c5165e7e1d5d341c27c3c65b3095cc0c1fa8b06d0417292b28969b982ea6d3bad9f27c6cd0cd9f32ddcf2a139ef42a1253360be47d46491d3476c227474cb131585b8dd8447e7f55fc57730d17fd62f46d184ea467e49cba5f7ed1ee207bbfbbcd38080051759a212c4c151f5c960c0a28ecd3c0,https://www.cdiscount.com/informatique/disques-durs-internes/toshiba-disque-dur-interne-p300-4to-5400-t/f-10768-tos4260557511152.html?idOffre=3270065461#mpos=0|mp
https://www.cdiscount.com/telephonie/telephone-mobile/huawei-p40-lite-128-go-vert-services-google-non-i/f-1440402-huaweip40litjcbl.html?idOffre=4116933011#mpos=0|mp,https://www.cdiscount.com/informatique/ordinateurs-pc-portables/pc-portable-lenovo-ideapad-slim-3-16iah8-windows/f-1070992-83es003dfr.html#mpos=0|cd,https://www.cdiscount.com/informatique/ecrans-informatiques/ktc-h32s17-moniteur-de-jeu-de-32-pouces-2560x1440/f-10732-ktc6921958686143.html?idOffre=3283201309#mpos=0|mp&sw=4f889283a346804ec77943d5c5165e7e95063cfc3402c37ec5a8d794a2fbb41b745ac2a62e9f1f6b83541fbd9e94448be6abc818d6e96492de3e2ee4096f9f0a968fbb9faa5599351cb1c6213b0ca2e5c37f393e7045997d0efe6ceab7b4012aaca656428e087335792396329481c856a42da9fee8687a2f33c77857a4f164c5,https://www.cdiscount.com/informatique/ssd/ssd-interne-crucial-ssd-p3-1to-nvme-ct1000p3ssd8/f-10703-ct1000p3ssd8.html#mpos=0|cd
https://www.cdiscount.com/telephonie/telephone-mobile/oukitel-wp32-pro-smartphone-robuste-24go-6-18-ra/f-1440402-ouk1723281092407.html#mpos=0|mp,https://www.cdiscount.com/informatique/ordinateurs-pc-portables/pc-portable-gamer-lenovo-loq-15iax9-sans-windows/f-1070992-len1725240278149.html#mpos=0|cd,https://www.cdiscount.com/informatique/ecrans-informatiques/mmd-philips-monitors-23in-led-1920x1200-16-1/f-10732-auc8712581762810.html?idOffre=2811410421#mpos=0|mp,https://www.cdiscount.com/informatique/disques-durs-internes/seagate-8tb-exos-7e10-256mb-ent-st8000nm017b/f-10768-sea8719706022149.html?idOffre=2853748667#mpos=0|mp&sw=33d5e75610a70ea2f2085f7761e2c9b5cb384198c851f85629dad01184984ef1adb43d274d8152a985a23e219591a4c8207dedab48bf711d71b040d662135edc4b285ab8d629221e8417f957ccf779119b8fd0b8c56ef53038a55fb2a64d7ca915b137e74a5911d15b46808cf31b494e14e3e18180776bacb697ff936e4911ca
https://www.cdiscount.com/telephonie/telephone-mobile/smartphone-huawei-p30-pro-noir-256-go/f-1440402-huaweip30pro256b.html?idOffre=3372823102#mpos=0|mp,https://www.cdiscount.com/informatique/ordinateurs-pc-portables/pc-portable-gamer-erazer-deputy-p60i-livre-sans/f-1070992-30038061.html#mpos=0|cd,https://www.cdiscount.com/informatique/ecrans-informatiques/ecran-pc-gamer-incurve-ktc-h27s17-moniteur-de-jeu/f-10732-ktc6921958686136.html#mpos=0|mp,https://www.cdiscount.com/informatique/ssd/inn-disque-dur-interne-4-to/f-10703-aaajj83679.html?idOffre=4056366822#mpos=0|mp&sw=33d5e75610a70ea2f2085f7761e2c9b5f05af683404b796ea5de8f0e8b29b5895946d661fbb8c83bf0e40491afd2672de94a62117d21769118ee8633d260891dde41df1b4bc118cdab8eaa2a56de3284f653db684c412050855acdeadf3a7ce3fccad1b8d9bc4cea448078852b2f9f0908abf96e6fa2929f112f9e1ef8279cbc
